run,tick,moneySpent
1,1,0
1,2,0
1,3,0
1,4,0
1,5,0
1,6,0
1,7,0
1,8,0
1,9,0
1,10,0
1,11,0
1,12,0
1,13,0
1,14,0
1,15,0
1,16,0
1,17,0
1,18,0
1,19,0
1,20,0
1,21,0
1,22,0
1,23,0
1,24,0
1,25,0
1,26,0
1,27,0
1,28,0
1,29,0
1,30,0
1,31,0
1,32,0
1,33,0
1,34,0
1,35,0
1,36,0
1,37,0
1,38,0
1,39,0
1,40,0
1,41,0
1,42,0
1,43,0
1,44,0
1,45,0
1,46,0
1,47,0
1,48,0
1,49,0
1,50,0
1,51,0
1,52,0
1,53,0
1,54,0
1,55,0
1,56,0
1,57,0
1,58,0
1,59,0
1,60,0
1,61,0
1,62,0
1,63,0
1,64,0
1,65,0
1,66,0
1,67,0
1,68,0
1,69,0
1,70,0
1,71,0
1,72,0
1,73,0
1,74,0
1,75,0
1,76,0
1,77,0
1,78,0
1,79,0
1,80,0
1,81,0
1,82,0
1,83,0
1,84,0
1,85,0
1,86,0
1,87,0
1,88,0
1,89,0
1,90,0
1,91,0
1,92,0
1,93,0
1,94,0
1,95,0
1,96,0
1,97,0
1,98,0
1,99,0
1,100,0
1,101,0
1,102,0
1,103,0
1,104,0
1,105,0
1,106,0
1,107,0
1,108,0
1,109,0
1,110,0
1,111,0
1,112,0
1,113,0
1,114,0
1,115,0
1,116,0
1,117,0
1,118,0
1,119,0
1,120,0
1,121,0
1,122,0
1,123,0
1,124,0
1,125,0
1,126,0
1,127,0
1,128,0
1,129,0
1,130,0
1,131,0
1,132,0
1,133,0
1,134,0
1,135,0
1,136,0
1,137,0
1,138,0
1,139,0
1,140,0
1,141,0
1,142,0
1,143,0
1,144,0
1,145,0
1,146,0
1,147,0
1,148,0
1,149,0
1,150,0
1,151,0
1,152,0
1,153,0
1,154,0
1,155,0
1,156,0
1,157,0
1,158,0
1,159,0
1,160,0
1,161,0
1,162,0
1,163,0
1,164,0
1,165,0
1,166,0
1,167,0
1,168,0
1,169,0
1,170,0
1,171,0
1,172,0
1,173,0
1,174,0
1,175,0
1,176,0
1,177,0
1,178,0
1,179,0
1,180,0
1,181,0
1,182,0
1,183,0
1,184,0
1,185,0
1,186,0
1,187,0
1,188,0
1,189,0
1,190,0
1,191,0
1,192,0
1,193,0
1,194,0
1,195,0
1,196,0
1,197,0
1,198,0
1,199,0
1,200,0
1,201,0
1,202,0
1,203,0
1,204,0
1,205,0
1,206,0
1,207,0
1,208,0
1,209,0
1,210,0
1,211,0
1,212,0
1,213,0
1,214,0
1,215,0
1,216,0
1,217,0
1,218,0
1,219,0
1,220,0
1,221,0
1,222,0
1,223,0
1,224,0
1,225,0
1,226,0
1,227,0
1,228,0
1,229,0
1,230,0
1,231,0
1,232,0
1,233,0
1,234,0
1,235,0
1,236,0
1,237,0
1,238,0
1,239,0
1,240,0
1,241,0
1,242,0
1,243,0
1,244,0
1,245,0
1,246,0
1,247,0
1,248,0
1,249,0
1,250,0
1,251,0
1,252,0
1,253,0
1,254,0
1,255,0
1,256,0
1,257,0
1,258,0
1,259,0
1,260,0
1,261,0
1,262,0
1,263,0
1,264,0
1,265,0
1,266,0
1,267,0
1,268,0
1,269,0
1,270,0
1,271,0
1,272,0
1,273,0
1,274,0
1,275,0
1,276,0
1,277,0
1,278,0
1,279,0
1,280,0
1,281,0
1,282,0
1,283,0
1,284,0
1,285,0
1,286,0
1,287,0
1,288,0
1,289,0
1,290,0
1,291,0
1,292,0
1,293,0
1,294,0
1,295,0
1,296,0
1,297,0
1,298,0
1,299,0
1,300,0
1,301,0
1,302,0
1,303,0
1,304,0
1,305,0
1,306,0
1,307,0
1,308,0
1,309,0
1,310,0
1,311,0
1,312,0
1,313,0
1,314,0
1,315,0
1,316,0
1,317,0
1,318,0
1,319,0
1,320,0
1,321,0
1,322,0
1,323,0
1,324,0
1,325,0
1,326,0
1,327,0
1,328,0
1,329,0
1,330,0
1,331,0
1,332,0
1,333,0
1,334,0
1,335,0
1,336,0
1,337,0
1,338,0
1,339,0
1,340,0
1,341,0
1,342,0
1,343,0
1,344,0
1,345,0
1,346,0
1,347,0
1,348,0
1,349,0
1,350,0
1,351,0
1,352,0
1,353,0
1,354,0
1,355,0
1,356,0
1,357,0
1,358,0
1,359,0
1,360,0
1,361,0
1,362,0
1,363,0
1,364,0
1,365,0
1,366,0
1,367,0
1,368,0
1,369,0
1,370,0
1,371,0
1,372,0
1,373,0
1,374,0
1,375,0
1,376,0
1,377,0
1,378,0
1,379,0
1,380,0
1,381,0
1,382,0
1,383,0
1,384,0
1,385,0
1,386,0
1,387,0
1,388,0
1,389,0
1,390,0
1,391,0
1,392,0
1,393,0
1,394,0
1,395,0
1,396,0
1,397,0
1,398,0
1,399,0
1,400,0
1,401,0
1,402,0
1,403,0
1,404,0
1,405,0
1,406,0
1,407,0
1,408,0
1,409,0
1,410,0
1,411,0
1,412,0
1,413,0
1,414,0
1,415,0
1,416,0
1,417,0
1,418,0
1,419,0
1,420,0
1,421,0
1,422,0
1,423,0
1,424,0
1,425,0
1,426,0
1,427,0
1,428,0
1,429,0
1,430,0
1,431,0
1,432,0
1,433,0
1,434,0
1,435,0
1,436,0
1,437,0
1,438,0
1,439,0
1,440,0
1,441,0
1,442,0
1,443,0
1,444,0
1,445,0
1,446,0
1,447,0
1,448,0
1,449,0
1,450,0
1,451,0
1,452,0
1,453,0
1,454,0
1,455,0
1,456,0
1,457,0
1,458,0
1,459,0
1,460,0
1,461,0
1,462,0
1,463,0
1,464,0
1,465,0
1,466,0
1,467,0
1,468,0
1,469,0
1,470,0
1,471,0
1,472,0
1,473,0
1,474,0
1,475,0
1,476,0
1,477,0
1,478,0
1,479,0
1,480,0
1,481,0
1,482,0
1,483,0
1,484,0
1,485,0
1,486,0
1,487,0
1,488,0
1,489,0
1,490,0
1,491,0
1,492,0
1,493,0
1,494,0
1,495,0
1,496,0
1,497,0
1,498,0
1,499,0
1,500,0
10,1,0
10,2,0
10,3,0
10,4,0
10,5,0
10,6,0
10,7,0
10,8,0
10,9,0
10,10,0
10,11,0
10,12,0
10,13,0
10,14,0
10,15,0
10,16,0
10,17,0
10,18,0
10,19,0
10,20,0
10,21,0
10,22,0
10,23,0
10,24,0
10,25,0
10,26,0
10,27,0
10,28,0
10,29,0
10,30,0
10,31,0
10,32,0
10,33,0
10,34,0
10,35,0
10,36,0
10,37,0
10,38,0
10,39,0
10,40,0
10,41,0
10,42,0
10,43,0
10,44,0
10,45,0
10,46,0
10,47,0
10,48,0
10,49,0
10,50,0
10,51,0
10,52,0
10,53,0
10,54,0
10,55,0
10,56,0
10,57,0
10,58,0
10,59,0
10,60,0
10,61,0
10,62,0
10,63,0
10,64,0
10,65,0
10,66,0
10,67,0
10,68,0
10,69,0
10,70,0
10,71,0
10,72,0
10,73,0
10,74,0
10,75,0
10,76,0
10,77,0
10,78,0
10,79,0
10,80,0
10,81,0
10,82,0
10,83,0
10,84,0
10,85,0
10,86,0
10,87,0
10,88,0
10,89,0
10,90,0
10,91,0
10,92,0
10,93,0
10,94,0
10,95,0
10,96,0
10,97,0
10,98,0
10,99,0
10,100,0
10,101,0
10,102,0
10,103,0
10,104,0
10,105,0
10,106,0
10,107,0
10,108,0
10,109,0
10,110,0
10,111,0
10,112,0
10,113,0
10,114,0
10,115,0
10,116,0
10,117,0
10,118,0
10,119,0
10,120,0
10,121,0
10,122,0
10,123,0
10,124,0
10,125,0
10,126,0
10,127,0
10,128,0
10,129,0
10,130,0
10,131,0
10,132,0
10,133,0
10,134,0
10,135,0
10,136,0
10,137,0
10,138,0
10,139,0
10,140,0
10,141,0
10,142,0
10,143,0
10,144,0
10,145,0
10,146,0
10,147,0
10,148,0
10,149,0
10,150,0
10,151,0
10,152,0
10,153,0
10,154,0
10,155,0
10,156,0
10,157,0
10,158,0
10,159,0
10,160,0
10,161,0
10,162,0
10,163,0
10,164,0
10,165,0
10,166,0
10,167,0
10,168,0
10,169,0
10,170,0
10,171,0
10,172,0
10,173,0
10,174,0
10,175,0
10,176,0
10,177,0
10,178,0
10,179,0
10,180,0
10,181,0
10,182,0
10,183,0
10,184,0
10,185,0
10,186,0
10,187,0
10,188,0
10,189,0
10,190,0
10,191,0
10,192,0
10,193,0
10,194,0
10,195,0
10,196,0
10,197,0
10,198,0
10,199,0
10,200,0
10,201,0
10,202,0
10,203,0
10,204,0
10,205,0
10,206,0
10,207,0
10,208,0
10,209,0
10,210,0
10,211,0
10,212,0
10,213,0
10,214,0
10,215,0
10,216,0
10,217,0
10,218,0
10,219,0
10,220,0
10,221,0
10,222,0
10,223,0
10,224,0
10,225,0
10,226,0
10,227,0
10,228,0
10,229,0
10,230,0
10,231,0
10,232,0
10,233,0
10,234,0
10,235,0
10,236,0
10,237,0
10,238,0
10,239,0
10,240,0
10,241,0
10,242,0
10,243,0
10,244,0
10,245,0
10,246,0
10,247,0
10,248,0
10,249,0
10,250,0
10,251,0
10,252,0
10,253,0
10,254,0
10,255,0
10,256,0
10,257,0
10,258,0
10,259,0
10,260,0
10,261,0
10,262,0
10,263,0
10,264,0
10,265,0
10,266,0
10,267,0
10,268,0
10,269,0
10,270,0
10,271,0
10,272,0
10,273,0
10,274,0
10,275,0
10,276,0
10,277,0
10,278,0
10,279,0
10,280,0
10,281,0
10,282,0
10,283,0
10,284,0
10,285,0
10,286,0
10,287,0
10,288,0
10,289,0
10,290,0
10,291,0
10,292,0
10,293,0
10,294,0
10,295,0
10,296,0
10,297,0
10,298,0
10,299,0
10,300,0
10,301,0
10,302,0
10,303,0
10,304,0
10,305,0
10,306,0
10,307,0
10,308,0
10,309,0
10,310,0
10,311,0
10,312,0
10,313,0
10,314,0
10,315,0
10,316,0
10,317,0
10,318,0
10,319,0
10,320,0
10,321,0
10,322,0
10,323,0
10,324,0
10,325,0
10,326,0
10,327,0
10,328,0
10,329,0
10,330,0
10,331,0
10,332,0
10,333,0
10,334,0
10,335,0
10,336,0
10,337,0
10,338,0
10,339,0
10,340,0
10,341,0
10,342,0
10,343,0
10,344,0
10,345,0
10,346,0
10,347,0
10,348,0
10,349,0
10,350,0
10,351,0
10,352,0
10,353,0
10,354,0
10,355,0
10,356,0
10,357,0
10,358,0
10,359,0
10,360,0
10,361,0
10,362,0
10,363,0
10,364,0
10,365,0
10,366,0
10,367,0
10,368,0
10,369,0
10,370,0
10,371,0
10,372,0
10,373,0
10,374,0
10,375,0
10,376,0
10,377,0
10,378,0
10,379,0
10,380,0
10,381,0
10,382,0
10,383,0
10,384,0
10,385,0
10,386,0
10,387,0
10,388,0
10,389,0
10,390,0
10,391,0
10,392,0
10,393,0
10,394,0
10,395,0
10,396,0
10,397,0
10,398,0
10,399,0
10,400,0
10,401,0
10,402,0
10,403,0
10,404,0
10,405,0
10,406,0
10,407,0
10,408,0
10,409,0
10,410,0
10,411,0
10,412,0
10,413,0
10,414,0
10,415,0
10,416,0
10,417,0
10,418,0
10,419,0
10,420,0
10,421,0
10,422,0
10,423,0
10,424,0
10,425,0
10,426,0
10,427,0
10,428,0
10,429,0
10,430,0
10,431,0
10,432,0
10,433,0
10,434,0
10,435,0
10,436,0
10,437,0
10,438,0
10,439,0
10,440,0
10,441,0
10,442,0
10,443,0
10,444,0
10,445,0
10,446,0
10,447,0
10,448,0
10,449,0
10,450,0
10,451,0
10,452,0
10,453,0
10,454,0
10,455,0
10,456,0
10,457,0
10,458,0
10,459,0
10,460,0
10,461,0
10,462,0
10,463,0
10,464,0
10,465,0
10,466,0
10,467,0
10,468,0
10,469,0
10,470,0
10,471,0
10,472,0
10,473,0
10,474,0
10,475,0
10,476,0
10,477,0
10,478,0
10,479,0
10,480,0
10,481,0
10,482,0
10,483,0
10,484,0
10,485,0
10,486,0
10,487,0
10,488,0
10,489,0
10,490,0
10,491,0
10,492,0
10,493,0
10,494,0
10,495,0
10,496,0
10,497,0
10,498,0
10,499,0
10,500,0
11,1,0
11,2,0
11,3,0
11,4,0
11,5,0
11,6,0
11,7,0
11,8,0
11,9,0
11,10,0
11,11,0
11,12,0
11,13,0
11,14,0
11,15,0
11,16,0
11,17,0
11,18,0
11,19,0
11,20,0
11,21,0
11,22,0
11,23,0
11,24,0
11,25,0
11,26,0
11,27,0
11,28,0
11,29,0
11,30,0
11,31,0
11,32,0
11,33,0
11,34,0
11,35,0
11,36,0
11,37,0
11,38,0
11,39,0
11,40,0
11,41,0
11,42,0
11,43,0
11,44,0
11,45,0
11,46,0
11,47,0
11,48,0
11,49,0
11,50,0
11,51,0
11,52,0
11,53,0
11,54,0
11,55,0
11,56,0
11,57,0
11,58,0
11,59,0
11,60,0
11,61,0
11,62,0
11,63,0
11,64,0
11,65,0
11,66,0
11,67,0
11,68,0
11,69,0
11,70,0
11,71,0
11,72,0
11,73,0
11,74,0
11,75,0
11,76,0
11,77,0
11,78,0
11,79,0
11,80,0
11,81,0
11,82,0
11,83,0
11,84,0
11,85,0
11,86,0
11,87,0
11,88,0
11,89,0
11,90,0
11,91,0
11,92,0
11,93,0
11,94,0
11,95,0
11,96,0
11,97,0
11,98,0
11,99,0
11,100,0
11,101,0
11,102,0
11,103,0
11,104,0
11,105,0
11,106,0
11,107,0
11,108,0
11,109,0
11,110,0
11,111,0
11,112,0
11,113,0
11,114,0
11,115,0
11,116,0
11,117,0
11,118,0
11,119,0
11,120,0
11,121,0
11,122,0
11,123,0
11,124,0
11,125,0
11,126,0
11,127,0
11,128,0
11,129,0
11,130,0
11,131,0
11,132,0
11,133,0
11,134,0
11,135,0
11,136,0
11,137,0
11,138,0
11,139,0
11,140,0
11,141,0
11,142,0
11,143,0
11,144,0
11,145,0
11,146,0
11,147,0
11,148,0
11,149,0
11,150,0
11,151,0
11,152,0
11,153,0
11,154,0
11,155,0
11,156,0
11,157,0
11,158,0
11,159,0
11,160,0
11,161,0
11,162,0
11,163,0
11,164,0
11,165,0
11,166,0
11,167,0
11,168,0
11,169,0
11,170,0
11,171,0
11,172,0
11,173,0
11,174,0
11,175,0
11,176,0
11,177,0
11,178,0
11,179,0
11,180,0
11,181,0
11,182,0
11,183,0
11,184,0
11,185,0
11,186,0
11,187,0
11,188,0
11,189,0
11,190,0
11,191,0
11,192,0
11,193,0
11,194,0
11,195,0
11,196,0
11,197,0
11,198,0
11,199,0
11,200,0
11,201,0
11,202,0
11,203,0
11,204,0
11,205,0
11,206,0
11,207,0
11,208,0
11,209,0
11,210,0
11,211,0
11,212,0
11,213,0
11,214,0
11,215,0
11,216,0
11,217,0
11,218,0
11,219,0
11,220,0
11,221,0
11,222,0
11,223,0
11,224,0
11,225,0
11,226,0
11,227,0
11,228,0
11,229,0
11,230,0
11,231,0
11,232,0
11,233,0
11,234,0
11,235,0
11,236,0
11,237,0
11,238,0
11,239,0
11,240,0
11,241,0
11,242,0
11,243,0
11,244,0
11,245,0
11,246,0
11,247,0
11,248,0
11,249,0
11,250,0
11,251,0
11,252,0
11,253,0
11,254,0
11,255,0
11,256,0
11,257,0
11,258,0
11,259,0
11,260,0
11,261,0
11,262,0
11,263,0
11,264,0
11,265,0
11,266,0
11,267,0
11,268,0
11,269,0
11,270,0
11,271,0
11,272,0
11,273,0
11,274,0
11,275,0
11,276,0
11,277,0
11,278,0
11,279,0
11,280,0
11,281,0
11,282,0
11,283,0
11,284,0
11,285,0
11,286,0
11,287,0
11,288,0
11,289,0
11,290,0
11,291,0
11,292,0
11,293,0
11,294,0
11,295,0
11,296,0
11,297,0
11,298,0
11,299,0
11,300,0
11,301,0
11,302,0
11,303,0
11,304,0
11,305,0
11,306,0
11,307,0
11,308,0
11,309,0
11,310,0
11,311,0
11,312,0
11,313,0
11,314,0
11,315,0
11,316,0
11,317,0
11,318,0
11,319,0
11,320,0
11,321,0
11,322,0
11,323,0
11,324,0
11,325,0
11,326,0
11,327,0
11,328,0
11,329,0
11,330,0
11,331,0
11,332,0
11,333,0
11,334,0
11,335,0
11,336,0
11,337,0
11,338,0
11,339,0
11,340,0
11,341,0
11,342,0
11,343,0
11,344,0
11,345,0
11,346,0
11,347,0
11,348,0
11,349,0
11,350,0
11,351,0
11,352,0
11,353,0
11,354,0
11,355,0
11,356,0
11,357,0
11,358,0
11,359,0
11,360,0
11,361,0
11,362,0
11,363,0
11,364,0
11,365,0
11,366,0
11,367,0
11,368,0
11,369,0
11,370,0
11,371,0
11,372,0
11,373,0
11,374,0
11,375,0
11,376,0
11,377,0
11,378,0
11,379,0
11,380,0
11,381,0
11,382,0
11,383,0
11,384,0
11,385,0
11,386,0
11,387,0
11,388,0
11,389,0
11,390,0
11,391,0
11,392,0
11,393,0
11,394,0
11,395,0
11,396,0
11,397,0
11,398,0
11,399,0
11,400,0
11,401,0
11,402,0
11,403,0
11,404,0
11,405,0
11,406,0
11,407,0
11,408,0
11,409,0
11,410,0
11,411,0
11,412,0
11,413,0
11,414,0
11,415,0
11,416,0
11,417,0
11,418,0
11,419,0
11,420,0
11,421,0
11,422,0
11,423,0
11,424,0
11,425,0
11,426,0
11,427,0
11,428,0
11,429,0
11,430,0
11,431,0
11,432,0
11,433,0
11,434,0
11,435,0
11,436,0
11,437,0
11,438,0
11,439,0
11,440,0
11,441,0
11,442,0
11,443,0
11,444,0
11,445,0
11,446,0
11,447,0
11,448,0
11,449,0
11,450,0
11,451,0
11,452,0
11,453,0
11,454,0
11,455,0
11,456,0
11,457,0
11,458,0
11,459,0
11,460,0
11,461,0
11,462,0
11,463,0
11,464,0
11,465,0
11,466,0
11,467,0
11,468,0
11,469,0
11,470,0
11,471,0
11,472,0
11,473,0
11,474,0
11,475,0
11,476,0
11,477,0
11,478,0
11,479,0
11,480,0
11,481,0
11,482,0
11,483,0
11,484,0
11,485,0
11,486,0
11,487,0
11,488,0
11,489,0
11,490,0
11,491,0
11,492,0
11,493,0
11,494,0
11,495,0
11,496,0
11,497,0
11,498,0
11,499,0
11,500,0
12,1,0
12,2,0
12,3,0
12,4,0
12,5,0
12,6,0
12,7,0
12,8,0
12,9,0
12,10,0
12,11,0
12,12,0
12,13,0
12,14,0
12,15,0
12,16,0
12,17,0
12,18,0
12,19,0
12,20,0
12,21,0
12,22,0
12,23,0
12,24,0
12,25,0
12,26,0
12,27,0
12,28,0
12,29,0
12,30,0
12,31,0
12,32,0
12,33,0
12,34,0
12,35,0
12,36,0
12,37,0
12,38,0
12,39,0
12,40,0
12,41,0
12,42,0
12,43,0
12,44,0
12,45,0
12,46,0
12,47,0
12,48,0
12,49,0
12,50,0
12,51,0
12,52,0
12,53,0
12,54,0
12,55,0
12,56,0
12,57,0
12,58,0
12,59,0
12,60,0
12,61,0
12,62,0
12,63,0
12,64,0
12,65,0
12,66,0
12,67,0
12,68,0
12,69,0
12,70,0
12,71,0
12,72,0
12,73,0
12,74,0
12,75,0
12,76,0
12,77,0
12,78,0
12,79,0
12,80,0
12,81,0
12,82,0
12,83,0
12,84,0
12,85,0
12,86,0
12,87,0
12,88,0
12,89,0
12,90,0
12,91,0
12,92,0
12,93,0
12,94,0
12,95,0
12,96,0
12,97,0
12,98,0
12,99,0
12,100,0
12,101,0
12,102,0
12,103,0
12,104,0
12,105,0
12,106,0
12,107,0
12,108,0
12,109,0
12,110,0
12,111,0
12,112,0
12,113,0
12,114,0
12,115,0
12,116,0
12,117,0
12,118,0
12,119,0
12,120,0
12,121,0
12,122,0
12,123,0
12,124,0
12,125,0
12,126,0
12,127,0
12,128,0
12,129,0
12,130,0
12,131,0
12,132,0
12,133,0
12,134,0
12,135,0
12,136,0
12,137,0
12,138,0
12,139,0
12,140,0
12,141,0
12,142,0
12,143,0
12,144,0
12,145,0
12,146,0
12,147,0
12,148,0
12,149,0
12,150,0
12,151,0
12,152,0
12,153,0
12,154,0
12,155,0
12,156,0
12,157,0
12,158,0
12,159,0
12,160,0
12,161,0
12,162,0
12,163,0
12,164,0
12,165,0
12,166,0
12,167,0
12,168,0
12,169,0
12,170,0
12,171,0
12,172,0
12,173,0
12,174,0
12,175,0
12,176,0
12,177,0
12,178,0
12,179,0
12,180,0
12,181,0
12,182,0
12,183,0
12,184,0
12,185,0
12,186,0
12,187,0
12,188,0
12,189,0
12,190,0
12,191,0
12,192,0
12,193,0
12,194,0
12,195,0
12,196,0
12,197,0
12,198,0
12,199,0
12,200,0
12,201,0
12,202,0
12,203,0
12,204,0
12,205,0
12,206,0
12,207,0
12,208,0
12,209,0
12,210,0
12,211,0
12,212,0
12,213,0
12,214,0
12,215,0
12,216,0
12,217,0
12,218,0
12,219,0
12,220,0
12,221,0
12,222,0
12,223,0
12,224,0
12,225,0
12,226,0
12,227,0
12,228,0
12,229,0
12,230,0
12,231,0
12,232,0
12,233,0
12,234,0
12,235,0
12,236,0
12,237,0
12,238,0
12,239,0
12,240,0
12,241,0
12,242,0
12,243,0
12,244,0
12,245,0
12,246,0
12,247,0
12,248,0
12,249,0
12,250,0
12,251,0
12,252,0
12,253,0
12,254,0
12,255,0
12,256,0
12,257,0
12,258,0
12,259,0
12,260,0
12,261,0
12,262,0
12,263,0
12,264,0
12,265,0
12,266,0
12,267,0
12,268,0
12,269,0
12,270,0
12,271,0
12,272,0
12,273,0
12,274,0
12,275,0
12,276,0
12,277,0
12,278,0
12,279,0
12,280,0
12,281,0
12,282,0
12,283,0
12,284,0
12,285,0
12,286,0
12,287,0
12,288,0
12,289,0
12,290,0
12,291,0
12,292,0
12,293,0
12,294,0
12,295,0
12,296,0
12,297,0
12,298,0
12,299,0
12,300,0
12,301,0
12,302,0
12,303,0
12,304,0
12,305,0
12,306,0
12,307,0
12,308,0
12,309,0
12,310,0
12,311,0
12,312,0
12,313,0
12,314,0
12,315,0
12,316,0
12,317,0
12,318,0
12,319,0
12,320,0
12,321,0
12,322,0
12,323,0
12,324,0
12,325,0
12,326,0
12,327,0
12,328,0
12,329,0
12,330,0
12,331,0
12,332,0
12,333,0
12,334,0
12,335,0
12,336,0
12,337,0
12,338,0
12,339,0
12,340,0
12,341,0
12,342,0
12,343,0
12,344,0
12,345,0
12,346,0
12,347,0
12,348,0
12,349,0
12,350,0
12,351,0
12,352,0
12,353,0
12,354,0
12,355,0
12,356,0
12,357,0
12,358,0
12,359,0
12,360,0
12,361,0
12,362,0
12,363,0
12,364,0
12,365,0
12,366,0
12,367,0
12,368,0
12,369,0
12,370,0
12,371,0
12,372,0
12,373,0
12,374,0
12,375,0
12,376,0
12,377,0
12,378,0
12,379,0
12,380,0
12,381,0
12,382,0
12,383,0
12,384,0
12,385,0
12,386,0
12,387,0
12,388,0
12,389,0
12,390,0
12,391,0
12,392,0
12,393,0
12,394,0
12,395,0
12,396,0
12,397,0
12,398,0
12,399,0
12,400,0
12,401,0
12,402,0
12,403,0
12,404,0
12,405,0
12,406,0
12,407,0
12,408,0
12,409,0
12,410,0
12,411,0
12,412,0
12,413,0
12,414,0
12,415,0
12,416,0
12,417,0
12,418,0
12,419,0
12,420,0
12,421,0
12,422,0
12,423,0
12,424,0
12,425,0
12,426,0
12,427,0
12,428,0
12,429,0
12,430,0
12,431,0
12,432,0
12,433,0
12,434,0
12,435,0
12,436,0
12,437,0
12,438,0
12,439,0
12,440,0
12,441,0
12,442,0
12,443,0
12,444,0
12,445,0
12,446,0
12,447,0
12,448,0
12,449,0
12,450,0
12,451,0
12,452,0
12,453,0
12,454,0
12,455,0
12,456,0
12,457,0
12,458,0
12,459,0
12,460,0
12,461,0
12,462,0
12,463,0
12,464,0
12,465,0
12,466,0
12,467,0
12,468,0
12,469,0
12,470,0
12,471,0
12,472,0
12,473,0
12,474,0
12,475,0
12,476,0
12,477,0
12,478,0
12,479,0
12,480,0
12,481,0
12,482,0
12,483,0
12,484,0
12,485,0
12,486,0
12,487,0
12,488,0
12,489,0
12,490,0
12,491,0
12,492,0
12,493,0
12,494,0
12,495,0
12,496,0
12,497,0
12,498,0
12,499,0
12,500,0
13,1,0
13,2,0
13,3,0
13,4,0
13,5,0
13,6,0
13,7,0
13,8,0
13,9,0
13,10,0
13,11,0
13,12,0
13,13,0
13,14,0
13,15,0
13,16,0
13,17,0
13,18,0
13,19,0
13,20,0
13,21,0
13,22,0
13,23,0
13,24,0
13,25,0
13,26,0
13,27,0
13,28,0
13,29,0
13,30,0
13,31,0
13,32,0
13,33,0
13,34,0
13,35,0
13,36,0
13,37,0
13,38,0
13,39,0
13,40,0
13,41,0
13,42,0
13,43,0
13,44,0
13,45,0
13,46,0
13,47,0
13,48,0
13,49,0
13,50,0
13,51,0
13,52,0
13,53,0
13,54,0
13,55,0
13,56,0
13,57,0
13,58,0
13,59,0
13,60,0
13,61,0
13,62,0
13,63,0
13,64,0
13,65,0
13,66,0
13,67,0
13,68,0
13,69,0
13,70,0
13,71,0
13,72,0
13,73,0
13,74,0
13,75,0
13,76,0
13,77,0
13,78,0
13,79,0
13,80,0
13,81,0
13,82,0
13,83,0
13,84,0
13,85,0
13,86,0
13,87,0
13,88,0
13,89,0
13,90,0
13,91,0
13,92,0
13,93,0
13,94,0
13,95,0
13,96,0
13,97,0
13,98,0
13,99,0
13,100,0
13,101,0
13,102,0
13,103,0
13,104,0
13,105,0
13,106,0
13,107,0
13,108,0
13,109,0
13,110,0
13,111,0
13,112,0
13,113,0
13,114,0
13,115,0
13,116,0
13,117,0
13,118,0
13,119,0
13,120,0
13,121,0
13,122,0
13,123,0
13,124,0
13,125,0
13,126,0
13,127,0
13,128,0
13,129,0
13,130,0
13,131,0
13,132,0
13,133,0
13,134,0
13,135,0
13,136,0
13,137,0
13,138,0
13,139,0
13,140,0
13,141,0
13,142,0
13,143,0
13,144,0
13,145,0
13,146,0
13,147,0
13,148,0
13,149,0
13,150,0
13,151,0
13,152,0
13,153,0
13,154,0
13,155,0
13,156,0
13,157,0
13,158,0
13,159,0
13,160,0
13,161,0
13,162,0
13,163,0
13,164,0
13,165,0
13,166,0
13,167,0
13,168,0
13,169,0
13,170,0
13,171,0
13,172,0
13,173,0
13,174,0
13,175,0
13,176,0
13,177,0
13,178,0
13,179,0
13,180,0
13,181,0
13,182,0
13,183,0
13,184,0
13,185,0
13,186,0
13,187,0
13,188,0
13,189,0
13,190,0
13,191,0
13,192,0
13,193,0
13,194,0
13,195,0
13,196,0
13,197,0
13,198,0
13,199,0
13,200,0
13,201,0
13,202,0
13,203,0
13,204,0
13,205,0
13,206,0
13,207,0
13,208,0
13,209,0
13,210,0
13,211,0
13,212,0
13,213,0
13,214,0
13,215,0
13,216,0
13,217,0
13,218,0
13,219,0
13,220,0
13,221,0
13,222,0
13,223,0
13,224,0
13,225,0
13,226,0
13,227,0
13,228,0
13,229,0
13,230,0
13,231,0
13,232,0
13,233,0
13,234,0
13,235,0
13,236,0
13,237,0
13,238,0
13,239,0
13,240,0
13,241,0
13,242,0
13,243,0
13,244,0
13,245,0
13,246,0
13,247,0
13,248,0
13,249,0
13,250,0
13,251,0
13,252,0
13,253,0
13,254,0
13,255,0
13,256,0
13,257,0
13,258,0
13,259,0
13,260,0
13,261,0
13,262,0
13,263,0
13,264,0
13,265,0
13,266,0
13,267,0
13,268,0
13,269,0
13,270,0
13,271,0
13,272,0
13,273,0
13,274,0
13,275,0
13,276,0
13,277,0
13,278,0
13,279,0
13,280,0
13,281,0
13,282,0
13,283,0
13,284,0
13,285,0
13,286,0
13,287,0
13,288,0
13,289,0
13,290,0
13,291,0
13,292,0
13,293,0
13,294,0
13,295,0
13,296,0
13,297,0
13,298,0
13,299,0
13,300,0
13,301,0
13,302,0
13,303,0
13,304,0
13,305,0
13,306,0
13,307,0
13,308,0
13,309,0
13,310,0
13,311,0
13,312,0
13,313,0
13,314,0
13,315,0
13,316,0
13,317,0
13,318,0
13,319,0
13,320,0
13,321,0
13,322,0
13,323,0
13,324,0
13,325,0
13,326,0
13,327,0
13,328,0
13,329,0
13,330,0
13,331,0
13,332,0
13,333,0
13,334,0
13,335,0
13,336,0
13,337,0
13,338,0
13,339,0
13,340,0
13,341,0
13,342,0
13,343,0
13,344,0
13,345,0
13,346,0
13,347,0
13,348,0
13,349,0
13,350,0
13,351,0
13,352,0
13,353,0
13,354,0
13,355,0
13,356,0
13,357,0
13,358,0
13,359,0
13,360,0
13,361,0
13,362,0
13,363,0
13,364,0
13,365,0
13,366,0
13,367,0
13,368,0
13,369,0
13,370,0
13,371,0
13,372,0
13,373,0
13,374,0
13,375,0
13,376,0
13,377,0
13,378,0
13,379,0
13,380,0
13,381,0
13,382,0
13,383,0
13,384,0
13,385,0
13,386,0
13,387,0
13,388,0
13,389,0
13,390,0
13,391,0
13,392,0
13,393,0
13,394,0
13,395,0
13,396,0
13,397,0
13,398,0
13,399,0
13,400,0
13,401,0
13,402,0
13,403,0
13,404,0
13,405,0
13,406,0
13,407,0
13,408,0
13,409,0
13,410,0
13,411,0
13,412,0
13,413,0
13,414,0
13,415,0
13,416,0
13,417,0
13,418,0
13,419,0
13,420,0
13,421,0
13,422,0
13,423,0
13,424,0
13,425,0
13,426,0
13,427,0
13,428,0
13,429,0
13,430,0
13,431,0
13,432,0
13,433,0
13,434,0
13,435,0
13,436,0
13,437,0
13,438,0
13,439,0
13,440,0
13,441,0
13,442,0
13,443,0
13,444,0
13,445,0
13,446,0
13,447,0
13,448,0
13,449,0
13,450,0
13,451,0
13,452,0
13,453,0
13,454,0
13,455,0
13,456,0
13,457,0
13,458,0
13,459,0
13,460,0
13,461,0
13,462,0
13,463,0
13,464,0
13,465,0
13,466,0
13,467,0
13,468,0
13,469,0
13,470,0
13,471,0
13,472,0
13,473,0
13,474,0
13,475,0
13,476,0
13,477,0
13,478,0
13,479,0
13,480,0
13,481,0
13,482,0
13,483,0
13,484,0
13,485,0
13,486,0
13,487,0
13,488,0
13,489,0
13,490,0
13,491,0
13,492,0
13,493,0
13,494,0
13,495,0
13,496,0
13,497,0
13,498,0
13,499,0
13,500,0
14,1,0
14,2,0
14,3,0
14,4,0
14,5,0
14,6,0
14,7,0
14,8,0
14,9,0
14,10,0
14,11,0
14,12,0
14,13,0
14,14,0
14,15,0
14,16,0
14,17,0
14,18,0
14,19,0
14,20,0
14,21,0
14,22,0
14,23,0
14,24,0
14,25,0
14,26,0
14,27,0
14,28,0
14,29,0
14,30,0
14,31,0
14,32,0
14,33,0
14,34,0
14,35,0
14,36,0
14,37,0
14,38,0
14,39,0
14,40,0
14,41,0
14,42,0
14,43,0
14,44,0
14,45,0
14,46,0
14,47,0
14,48,0
14,49,0
14,50,0
14,51,0
14,52,0
14,53,0
14,54,0
14,55,0
14,56,0
14,57,0
14,58,0
14,59,0
14,60,0
14,61,0
14,62,0
14,63,0
14,64,0
14,65,0
14,66,0
14,67,0
14,68,0
14,69,0
14,70,0
14,71,0
14,72,0
14,73,0
14,74,0
14,75,0
14,76,0
14,77,0
14,78,0
14,79,0
14,80,0
14,81,0
14,82,0
14,83,0
14,84,0
14,85,0
14,86,0
14,87,0
14,88,0
14,89,0
14,90,0
14,91,0
14,92,0
14,93,0
14,94,0
14,95,0
14,96,0
14,97,0
14,98,0
14,99,0
14,100,0
14,101,0
14,102,0
14,103,0
14,104,0
14,105,0
14,106,0
14,107,0
14,108,0
14,109,0
14,110,0
14,111,0
14,112,0
14,113,0
14,114,0
14,115,0
14,116,0
14,117,0
14,118,0
14,119,0
14,120,0
14,121,0
14,122,0
14,123,0
14,124,0
14,125,0
14,126,0
14,127,0
14,128,0
14,129,0
14,130,0
14,131,0
14,132,0
14,133,0
14,134,0
14,135,0
14,136,0
14,137,0
14,138,0
14,139,0
14,140,0
14,141,0
14,142,0
14,143,0
14,144,0
14,145,0
14,146,0
14,147,0
14,148,0
14,149,0
14,150,0
14,151,0
14,152,0
14,153,0
14,154,0
14,155,0
14,156,0
14,157,0
14,158,0
14,159,0
14,160,0
14,161,0
14,162,0
14,163,0
14,164,0
14,165,0
14,166,0
14,167,0
14,168,0
14,169,0
14,170,0
14,171,0
14,172,0
14,173,0
14,174,0
14,175,0
14,176,0
14,177,0
14,178,0
14,179,0
14,180,0
14,181,0
14,182,0
14,183,0
14,184,0
14,185,0
14,186,0
14,187,0
14,188,0
14,189,0
14,190,0
14,191,0
14,192,0
14,193,0
14,194,0
14,195,0
14,196,0
14,197,0
14,198,0
14,199,0
14,200,0
14,201,0
14,202,0
14,203,0
14,204,0
14,205,0
14,206,0
14,207,0
14,208,0
14,209,0
14,210,0
14,211,0
14,212,0
14,213,0
14,214,0
14,215,0
14,216,0
14,217,0
14,218,0
14,219,0
14,220,0
14,221,0
14,222,0
14,223,0
14,224,0
14,225,0
14,226,0
14,227,0
14,228,0
14,229,0
14,230,0
14,231,0
14,232,0
14,233,0
14,234,0
14,235,0
14,236,0
14,237,0
14,238,0
14,239,0
14,240,0
14,241,0
14,242,0
14,243,0
14,244,0
14,245,0
14,246,0
14,247,0
14,248,0
14,249,0
14,250,0
14,251,0
14,252,0
14,253,0
14,254,0
14,255,0
14,256,0
14,257,0
14,258,0
14,259,0
14,260,0
14,261,0
14,262,0
14,263,0
14,264,0
14,265,0
14,266,0
14,267,0
14,268,0
14,269,0
14,270,0
14,271,0
14,272,0
14,273,0
14,274,0
14,275,0
14,276,0
14,277,0
14,278,0
14,279,0
14,280,0
14,281,0
14,282,0
14,283,0
14,284,0
14,285,0
14,286,0
14,287,0
14,288,0
14,289,0
14,290,0
14,291,0
14,292,0
14,293,0
14,294,0
14,295,0
14,296,0
14,297,0
14,298,0
14,299,0
14,300,0
14,301,0
14,302,0
14,303,0
14,304,0
14,305,0
14,306,0
14,307,0
14,308,0
14,309,0
14,310,0
14,311,0
14,312,0
14,313,0
14,314,0
14,315,0
14,316,0
14,317,0
14,318,0
14,319,0
14,320,0
14,321,0
14,322,0
14,323,0
14,324,0
14,325,0
14,326,0
14,327,0
14,328,0
14,329,0
14,330,0
14,331,0
14,332,0
14,333,0
14,334,0
14,335,0
14,336,0
14,337,0
14,338,0
14,339,0
14,340,0
14,341,0
14,342,0
14,343,0
14,344,0
14,345,0
14,346,0
14,347,0
14,348,0
14,349,0
14,350,0
14,351,0
14,352,0
14,353,0
14,354,0
14,355,0
14,356,0
14,357,0
14,358,0
14,359,0
14,360,0
14,361,0
14,362,0
14,363,0
14,364,0
14,365,0
14,366,0
14,367,0
14,368,0
14,369,0
14,370,0
14,371,0
14,372,0
14,373,0
14,374,0
14,375,0
14,376,0
14,377,0
14,378,0
14,379,0
14,380,0
14,381,0
14,382,0
14,383,0
14,384,0
14,385,0
14,386,0
14,387,0
14,388,0
14,389,0
14,390,0
14,391,0
14,392,0
14,393,0
14,394,0
14,395,0
14,396,0
14,397,0
14,398,0
14,399,0
14,400,0
14,401,0
14,402,0
14,403,0
14,404,0
14,405,0
14,406,0
14,407,0
14,408,0
14,409,0
14,410,0
14,411,0
14,412,0
14,413,0
14,414,0
14,415,0
14,416,0
14,417,0
14,418,0
14,419,0
14,420,0
14,421,0
14,422,0
14,423,0
14,424,0
14,425,0
14,426,0
14,427,0
14,428,0
14,429,0
14,430,0
14,431,0
14,432,0
14,433,0
14,434,0
14,435,0
14,436,0
14,437,0
14,438,0
14,439,0
14,440,0
14,441,0
14,442,0
14,443,0
14,444,0
14,445,0
14,446,0
14,447,0
14,448,0
14,449,0
14,450,0
14,451,0
14,452,0
14,453,0
14,454,0
14,455,0
14,456,0
14,457,0
14,458,0
14,459,0
14,460,0
14,461,0
14,462,0
14,463,0
14,464,0
14,465,0
14,466,0
14,467,0
14,468,0
14,469,0
14,470,0
14,471,0
14,472,0
14,473,0
14,474,0
14,475,0
14,476,0
14,477,0
14,478,0
14,479,0
14,480,0
14,481,0
14,482,0
14,483,0
14,484,0
14,485,0
14,486,0
14,487,0
14,488,0
14,489,0
14,490,0
14,491,0
14,492,0
14,493,0
14,494,0
14,495,0
14,496,0
14,497,0
14,498,0
14,499,0
14,500,0
15,1,0
15,2,0
15,3,0
15,4,0
15,5,0
15,6,0
15,7,0
15,8,0
15,9,0
15,10,0
15,11,0
15,12,0
15,13,0
15,14,0
15,15,0
15,16,0
15,17,0
15,18,0
15,19,0
15,20,0
15,21,0
15,22,0
15,23,0
15,24,0
15,25,0
15,26,0
15,27,0
15,28,0
15,29,0
15,30,0
15,31,0
15,32,0
15,33,0
15,34,0
15,35,0
15,36,0
15,37,0
15,38,0
15,39,0
15,40,0
15,41,0
15,42,0
15,43,0
15,44,0
15,45,0
15,46,0
15,47,0
15,48,0
15,49,0
15,50,0
15,51,0
15,52,0
15,53,0
15,54,0
15,55,0
15,56,0
15,57,0
15,58,0
15,59,0
15,60,0
15,61,0
15,62,0
15,63,0
15,64,0
15,65,0
15,66,0
15,67,0
15,68,0
15,69,0
15,70,0
15,71,0
15,72,0
15,73,0
15,74,0
15,75,0
15,76,0
15,77,0
15,78,0
15,79,0
15,80,0
15,81,0
15,82,0
15,83,0
15,84,0
15,85,0
15,86,0
15,87,0
15,88,0
15,89,0
15,90,0
15,91,0
15,92,0
15,93,0
15,94,0
15,95,0
15,96,0
15,97,0
15,98,0
15,99,0
15,100,0
15,101,0
15,102,0
15,103,0
15,104,0
15,105,0
15,106,0
15,107,0
15,108,0
15,109,0
15,110,0
15,111,0
15,112,0
15,113,0
15,114,0
15,115,0
15,116,0
15,117,0
15,118,0
15,119,0
15,120,0
15,121,0
15,122,0
15,123,0
15,124,0
15,125,0
15,126,0
15,127,0
15,128,0
15,129,0
15,130,0
15,131,0
15,132,0
15,133,0
15,134,0
15,135,0
15,136,0
15,137,0
15,138,0
15,139,0
15,140,0
15,141,0
15,142,0
15,143,0
15,144,0
15,145,0
15,146,0
15,147,0
15,148,0
15,149,0
15,150,0
15,151,0
15,152,0
15,153,0
15,154,0
15,155,0
15,156,0
15,157,0
15,158,0
15,159,0
15,160,0
15,161,0
15,162,0
15,163,0
15,164,0
15,165,0
15,166,0
15,167,0
15,168,0
15,169,0
15,170,0
15,171,0
15,172,0
15,173,0
15,174,0
15,175,0
15,176,0
15,177,0
15,178,0
15,179,0
15,180,0
15,181,0
15,182,0
15,183,0
15,184,0
15,185,0
15,186,0
15,187,0
15,188,0
15,189,0
15,190,0
15,191,0
15,192,0
15,193,0
15,194,0
15,195,0
15,196,0
15,197,0
15,198,0
15,199,0
15,200,0
15,201,0
15,202,0
15,203,0
15,204,0
15,205,0
15,206,0
15,207,0
15,208,0
15,209,0
15,210,0
15,211,0
15,212,0
15,213,0
15,214,0
15,215,0
15,216,0
15,217,0
15,218,0
15,219,0
15,220,0
15,221,0
15,222,0
15,223,0
15,224,0
15,225,0
15,226,0
15,227,0
15,228,0
15,229,0
15,230,0
15,231,0
15,232,0
15,233,0
15,234,0
15,235,0
15,236,0
15,237,0
15,238,0
15,239,0
15,240,0
15,241,0
15,242,0
15,243,0
15,244,0
15,245,0
15,246,0
15,247,0
15,248,0
15,249,0
15,250,0
15,251,0
15,252,0
15,253,0
15,254,0
15,255,0
15,256,0
15,257,0
15,258,0
15,259,0
15,260,0
15,261,0
15,262,0
15,263,0
15,264,0
15,265,0
15,266,0
15,267,0
15,268,0
15,269,0
15,270,0
15,271,0
15,272,0
15,273,0
15,274,0
15,275,0
15,276,0
15,277,0
15,278,0
15,279,0
15,280,0
15,281,0
15,282,0
15,283,0
15,284,0
15,285,0
15,286,0
15,287,0
15,288,0
15,289,0
15,290,0
15,291,0
15,292,0
15,293,0
15,294,0
15,295,0
15,296,0
15,297,0
15,298,0
15,299,0
15,300,0
15,301,0
15,302,0
15,303,0
15,304,0
15,305,0
15,306,0
15,307,0
15,308,0
15,309,0
15,310,0
15,311,0
15,312,0
15,313,0
15,314,0
15,315,0
15,316,0
15,317,0
15,318,0
15,319,0
15,320,0
15,321,0
15,322,0
15,323,0
15,324,0
15,325,0
15,326,0
15,327,0
15,328,0
15,329,0
15,330,0
15,331,0
15,332,0
15,333,0
15,334,0
15,335,0
15,336,0
15,337,0
15,338,0
15,339,0
15,340,0
15,341,0
15,342,0
15,343,0
15,344,0
15,345,0
15,346,0
15,347,0
15,348,0
15,349,0
15,350,0
15,351,0
15,352,0
15,353,0
15,354,0
15,355,0
15,356,0
15,357,0
15,358,0
15,359,0
15,360,0
15,361,0
15,362,0
15,363,0
15,364,0
15,365,0
15,366,0
15,367,0
15,368,0
15,369,0
15,370,0
15,371,0
15,372,0
15,373,0
15,374,0
15,375,0
15,376,0
15,377,0
15,378,0
15,379,0
15,380,0
15,381,0
15,382,0
15,383,0
15,384,0
15,385,0
15,386,0
15,387,0
15,388,0
15,389,0
15,390,0
15,391,0
15,392,0
15,393,0
15,394,0
15,395,0
15,396,0
15,397,0
15,398,0
15,399,0
15,400,0
15,401,0
15,402,0
15,403,0
15,404,0
15,405,0
15,406,0
15,407,0
15,408,0
15,409,0
15,410,0
15,411,0
15,412,0
15,413,0
15,414,0
15,415,0
15,416,0
15,417,0
15,418,0
15,419,0
15,420,0
15,421,0
15,422,0
15,423,0
15,424,0
15,425,0
15,426,0
15,427,0
15,428,0
15,429,0
15,430,0
15,431,0
15,432,0
15,433,0
15,434,0
15,435,0
15,436,0
15,437,0
15,438,0
15,439,0
15,440,0
15,441,0
15,442,0
15,443,0
15,444,0
15,445,0
15,446,0
15,447,0
15,448,0
15,449,0
15,450,0
15,451,0
15,452,0
15,453,0
15,454,0
15,455,0
15,456,0
15,457,0
15,458,0
15,459,0
15,460,0
15,461,0
15,462,0
15,463,0
15,464,0
15,465,0
15,466,0
15,467,0
15,468,0
15,469,0
15,470,0
15,471,0
15,472,0
15,473,0
15,474,0
15,475,0
15,476,0
15,477,0
15,478,0
15,479,0
15,480,0
15,481,0
15,482,0
15,483,0
15,484,0
15,485,0
15,486,0
15,487,0
15,488,0
15,489,0
15,490,0
15,491,0
15,492,0
15,493,0
15,494,0
15,495,0
15,496,0
15,497,0
15,498,0
15,499,0
15,500,0
2,1,0
2,2,0
2,3,0
2,4,0
2,5,0
2,6,0
2,7,0
2,8,0
2,9,0
2,10,0
2,11,0
2,12,0
2,13,0
2,14,0
2,15,0
2,16,0
2,17,0
2,18,0
2,19,0
2,20,0
2,21,0
2,22,0
2,23,0
2,24,0
2,25,0
2,26,0
2,27,0
2,28,0
2,29,0
2,30,0
2,31,0
2,32,0
2,33,0
2,34,0
2,35,0
2,36,0
2,37,0
2,38,0
2,39,0
2,40,0
2,41,0
2,42,0
2,43,0
2,44,0
2,45,0
2,46,0
2,47,0
2,48,0
2,49,0
2,50,0
2,51,0
2,52,0
2,53,0
2,54,0
2,55,0
2,56,0
2,57,0
2,58,0
2,59,0
2,60,0
2,61,0
2,62,0
2,63,0
2,64,0
2,65,0
2,66,0
2,67,0
2,68,0
2,69,0
2,70,0
2,71,0
2,72,0
2,73,0
2,74,0
2,75,0
2,76,0
2,77,0
2,78,0
2,79,0
2,80,0
2,81,0
2,82,0
2,83,0
2,84,0
2,85,0
2,86,0
2,87,0
2,88,0
2,89,0
2,90,0
2,91,0
2,92,0
2,93,0
2,94,0
2,95,0
2,96,0
2,97,0
2,98,0
2,99,0
2,100,0
2,101,0
2,102,0
2,103,0
2,104,0
2,105,0
2,106,0
2,107,0
2,108,0
2,109,0
2,110,0
2,111,0
2,112,0
2,113,0
2,114,0
2,115,0
2,116,0
2,117,0
2,118,0
2,119,0
2,120,0
2,121,0
2,122,0
2,123,0
2,124,0
2,125,0
2,126,0
2,127,0
2,128,0
2,129,0
2,130,0
2,131,0
2,132,0
2,133,0
2,134,0
2,135,0
2,136,0
2,137,0
2,138,0
2,139,0
2,140,0
2,141,0
2,142,0
2,143,0
2,144,0
2,145,0
2,146,0
2,147,0
2,148,0
2,149,0
2,150,0
2,151,0
2,152,0
2,153,0
2,154,0
2,155,0
2,156,0
2,157,0
2,158,0
2,159,0
2,160,0
2,161,0
2,162,0
2,163,0
2,164,0
2,165,0
2,166,0
2,167,0
2,168,0
2,169,0
2,170,0
2,171,0
2,172,0
2,173,0
2,174,0
2,175,0
2,176,0
2,177,0
2,178,0
2,179,0
2,180,0
2,181,0
2,182,0
2,183,0
2,184,0
2,185,0
2,186,0
2,187,0
2,188,0
2,189,0
2,190,0
2,191,0
2,192,0
2,193,0
2,194,0
2,195,0
2,196,0
2,197,0
2,198,0
2,199,0
2,200,0
2,201,0
2,202,0
2,203,0
2,204,0
2,205,0
2,206,0
2,207,0
2,208,0
2,209,0
2,210,0
2,211,0
2,212,0
2,213,0
2,214,0
2,215,0
2,216,0
2,217,0
2,218,0
2,219,0
2,220,0
2,221,0
2,222,0
2,223,0
2,224,0
2,225,0
2,226,0
2,227,0
2,228,0
2,229,0
2,230,0
2,231,0
2,232,0
2,233,0
2,234,0
2,235,0
2,236,0
2,237,0
2,238,0
2,239,0
2,240,0
2,241,0
2,242,0
2,243,0
2,244,0
2,245,0
2,246,0
2,247,0
2,248,0
2,249,0
2,250,0
2,251,0
2,252,0
2,253,0
2,254,0
2,255,0
2,256,0
2,257,0
2,258,0
2,259,0
2,260,0
2,261,0
2,262,0
2,263,0
2,264,0
2,265,0
2,266,0
2,267,0
2,268,0
2,269,0
2,270,0
2,271,0
2,272,0
2,273,0
2,274,0
2,275,0
2,276,0
2,277,0
2,278,0
2,279,0
2,280,0
2,281,0
2,282,0
2,283,0
2,284,0
2,285,0
2,286,0
2,287,0
2,288,0
2,289,0
2,290,0
2,291,0
2,292,0
2,293,0
2,294,0
2,295,0
2,296,0
2,297,0
2,298,0
2,299,0
2,300,0
2,301,0
2,302,0
2,303,0
2,304,0
2,305,0
2,306,0
2,307,0
2,308,0
2,309,0
2,310,0
2,311,0
2,312,0
2,313,0
2,314,0
2,315,0
2,316,0
2,317,0
2,318,0
2,319,0
2,320,0
2,321,0
2,322,0
2,323,0
2,324,0
2,325,0
2,326,0
2,327,0
2,328,0
2,329,0
2,330,0
2,331,0
2,332,0
2,333,0
2,334,0
2,335,0
2,336,0
2,337,0
2,338,0
2,339,0
2,340,0
2,341,0
2,342,0
2,343,0
2,344,0
2,345,0
2,346,0
2,347,0
2,348,0
2,349,0
2,350,0
2,351,0
2,352,0
2,353,0
2,354,0
2,355,0
2,356,0
2,357,0
2,358,0
2,359,0
2,360,0
2,361,0
2,362,0
2,363,0
2,364,0
2,365,0
2,366,0
2,367,0
2,368,0
2,369,0
2,370,0
2,371,0
2,372,0
2,373,0
2,374,0
2,375,0
2,376,0
2,377,0
2,378,0
2,379,0
2,380,0
2,381,0
2,382,0
2,383,0
2,384,0
2,385,0
2,386,0
2,387,0
2,388,0
2,389,0
2,390,0
2,391,0
2,392,0
2,393,0
2,394,0
2,395,0
2,396,0
2,397,0
2,398,0
2,399,0
2,400,0
2,401,0
2,402,0
2,403,0
2,404,0
2,405,0
2,406,0
2,407,0
2,408,0
2,409,0
2,410,0
2,411,0
2,412,0
2,413,0
2,414,0
2,415,0
2,416,0
2,417,0
2,418,0
2,419,0
2,420,0
2,421,0
2,422,0
2,423,0
2,424,0
2,425,0
2,426,0
2,427,0
2,428,0
2,429,0
2,430,0
2,431,0
2,432,0
2,433,0
2,434,0
2,435,0
2,436,0
2,437,0
2,438,0
2,439,0
2,440,0
2,441,0
2,442,0
2,443,0
2,444,0
2,445,0
2,446,0
2,447,0
2,448,0
2,449,0
2,450,0
2,451,0
2,452,0
2,453,0
2,454,0
2,455,0
2,456,0
2,457,0
2,458,0
2,459,0
2,460,0
2,461,0
2,462,0
2,463,0
2,464,0
2,465,0
2,466,0
2,467,0
2,468,0
2,469,0
2,470,0
2,471,0
2,472,0
2,473,0
2,474,0
2,475,0
2,476,0
2,477,0
2,478,0
2,479,0
2,480,0
2,481,0
2,482,0
2,483,0
2,484,0
2,485,0
2,486,0
2,487,0
2,488,0
2,489,0
2,490,0
2,491,0
2,492,0
2,493,0
2,494,0
2,495,0
2,496,0
2,497,0
2,498,0
2,499,0
2,500,0
3,1,0
3,2,0
3,3,0
3,4,0
3,5,0
3,6,0.165
3,7,0.122
3,8,0.161
3,9,0.218
3,10,0.357
3,11,0.601
3,12,0.83
3,13,0.991
3,14,1.167
3,15,1.253
3,16,1.264
3,17,1.496
3,18,1.612
3,19,1.79
3,20,1.945
3,21,1.93
3,22,2.145
3,23,2.153
3,24,2.439
3,25,2.546
3,26,2.724
3,27,2.673
3,28,2.776
3,29,2.824
3,30,3.043
3,31,3.044
3,32,3.142
3,33,3.099
3,34,3.188
3,35,3.309
3,36,3.3
3,37,3.385
3,38,3.376
3,39,3.564
3,40,3.504
3,41,3.528
3,42,3.649
3,43,3.531
3,44,3.645
3,45,3.652
3,46,3.828
3,47,3.621
3,48,3.743
3,49,3.795
3,50,3.649
3,51,3.836
3,52,3.84
3,53,3.861
3,54,3.788
3,55,3.822
3,56,3.782
3,57,3.735
3,58,4.016
3,59,3.777
3,60,3.915
3,61,3.843
3,62,3.879
3,63,3.822
3,64,3.944
3,65,3.903
3,66,3.916
3,67,3.919
3,68,3.886
3,69,3.935
3,70,3.946
3,71,3.985
3,72,3.854
3,73,3.915
3,74,3.993
3,75,3.988
3,76,4.148
3,77,4.027
3,78,3.817
3,79,4.012
3,80,3.685
3,81,3.951
3,82,3.759
3,83,3.737
3,84,3.892
3,85,3.778
3,86,3.911
3,87,3.948
3,88,3.798
3,89,3.714
3,90,3.784
3,91,3.733
3,92,3.771
3,93,3.736
3,94,3.732
3,95,3.706
3,96,3.796
3,97,3.722
3,98,3.676
3,99,3.77
3,100,3.832
3,101,3.816
3,102,3.649
3,103,3.751
3,104,3.718
3,105,3.741
3,106,3.623
3,107,3.658
3,108,3.607
3,109,3.714
3,110,3.602
3,111,3.705
3,112,3.683
3,113,3.627
3,114,3.643
3,115,3.59
3,116,3.471
3,117,3.57
3,118,3.674
3,119,3.577
3,120,3.503
3,121,3.66
3,122,3.466
3,123,3.474
3,124,3.567
3,125,3.507
3,126,3.516
3,127,3.633
3,128,3.417
3,129,3.478
3,130,3.535
3,131,3.642
3,132,3.31
3,133,3.28
3,134,3.611
3,135,3.543
3,136,3.425
3,137,3.404
3,138,3.466
3,139,3.282
3,140,3.502
3,141,3.502
3,142,3.4
3,143,3.408
3,144,3.457
3,145,3.258
3,146,3.224
3,147,3.29
3,148,3.281
3,149,3.25
3,150,3.444
3,151,3.284
3,152,3.145
3,153,3.338
3,154,3.354
3,155,3.417
3,156,3.207
3,157,3.18
3,158,3.263
3,159,3.237
3,160,3.261
3,161,3.121
3,162,3.182
3,163,3.297
3,164,3.237
3,165,3.175
3,166,3.316
3,167,3.158
3,168,3.242
3,169,3.08
3,170,3.22
3,171,3.291
3,172,3.034
3,173,3.134
3,174,3.301
3,175,3.233
3,176,3.166
3,177,3.151
3,178,3.087
3,179,3.118
3,180,2.963
3,181,3.099
3,182,3.112
3,183,3.078
3,184,3.16
3,185,3.056
3,186,3.181
3,187,3.043
3,188,3.111
3,189,3.099
3,190,3.111
3,191,3.018
3,192,3.03
3,193,3.129
3,194,3.138
3,195,3.046
3,196,2.956
3,197,3.127
3,198,2.928
3,199,2.967
3,200,3.004
3,201,3.179
3,202,3.082
3,203,3.08
3,204,2.907
3,205,3.022
3,206,3.053
3,207,3.088
3,208,3.067
3,209,2.944
3,210,2.969
3,211,3.012
3,212,3.014
3,213,2.989
3,214,2.925
3,215,3.028
3,216,2.971
3,217,2.877
3,218,3.025
3,219,3.016
3,220,2.905
3,221,2.966
3,222,2.975
3,223,2.901
3,224,2.925
3,225,2.756
3,226,2.819
3,227,2.896
3,228,2.885
3,229,2.883
3,230,2.975
3,231,2.97
3,232,2.823
3,233,2.894
3,234,2.955
3,235,2.783
3,236,2.984
3,237,2.928
3,238,2.843
3,239,2.832
3,240,2.723
3,241,2.779
3,242,2.66
3,243,2.762
3,244,2.794
3,245,2.854
3,246,2.698
3,247,2.694
3,248,2.909
3,249,2.696
3,250,2.824
3,251,2.86
3,252,2.799
3,253,2.85
3,254,2.867
3,255,2.78
3,256,2.768
3,257,2.773
3,258,2.689
3,259,2.638
3,260,2.782
3,261,2.747
3,262,2.771
3,263,2.837
3,264,2.717
3,265,2.808
3,266,2.661
3,267,2.758
3,268,2.848
3,269,2.697
3,270,2.663
3,271,2.712
3,272,2.625
3,273,2.694
3,274,2.646
3,275,2.653
3,276,2.632
3,277,2.513
3,278,2.574
3,279,2.632
3,280,2.688
3,281,2.607
3,282,2.576
3,283,2.664
3,284,2.528
3,285,2.629
3,286,2.566
3,287,2.71
3,288,2.546
3,289,2.59
3,290,2.489
3,291,2.595
3,292,2.541
3,293,2.628
3,294,2.508
3,295,2.551
3,296,2.448
3,297,2.456
3,298,2.396
3,299,2.509
3,300,2.441
3,301,2.593
3,302,2.454
3,303,2.374
3,304,2.579
3,305,2.556
3,306,2.494
3,307,2.512
3,308,2.544
3,309,2.461
3,310,2.401
3,311,2.275
3,312,2.512
3,313,2.534
3,314,2.464
3,315,2.325
3,316,2.493
3,317,2.489
3,318,2.553
3,319,2.429
3,320,2.361
3,321,2.409
3,322,2.351
3,323,2.421
3,324,2.511
3,325,2.351
3,326,2.301
3,327,2.256
3,328,2.434
3,329,2.373
3,330,2.594
3,331,2.373
3,332,2.321
3,333,2.437
3,334,2.289
3,335,2.161
3,336,2.313
3,337,2.451
3,338,2.326
3,339,2.404
3,340,2.4
3,341,2.355
3,342,2.357
3,343,2.204
3,344,2.304
3,345,2.406
3,346,2.205
3,347,2.221
3,348,2.343
3,349,2.334
3,350,2.343
3,351,2.348
3,352,2.343
3,353,2.313
3,354,2.193
3,355,2.3
3,356,2.25
3,357,2.386
3,358,2.326
3,359,2.422
3,360,2.272
3,361,2.255
3,362,2.336
3,363,2.274
3,364,2.188
3,365,2.318
3,366,2.244
3,367,2.216
3,368,2.319
3,369,2.198
3,370,2.265
3,371,2.213
3,372,2.22
3,373,2.288
3,374,2.27
3,375,2.247
3,376,2.214
3,377,2.159
3,378,2.075
3,379,2.119
3,380,2.135
3,381,2.233
3,382,2.25
3,383,2.119
3,384,2.164
3,385,2.296
3,386,2.283
3,387,2.213
3,388,2.232
3,389,2.171
3,390,2.214
3,391,2.152
3,392,2.157
3,393,2.158
3,394,2.192
3,395,2.248
3,396,2.136
3,397,2.251
3,398,2.19
3,399,2.127
3,400,2.232
3,401,2.158
3,402,2.159
3,403,2.104
3,404,2.174
3,405,2.105
3,406,2.108
3,407,2.172
3,408,2.124
3,409,2.084
3,410,2.109
3,411,2.112
3,412,2.164
3,413,2.153
3,414,2.269
3,415,2.185
3,416,2.079
3,417,2.198
3,418,2.132
3,419,2.157
3,420,2.021
3,421,2.117
3,422,2.078
3,423,2.173
3,424,2.03
3,425,2.072
3,426,2.012
3,427,2.112
3,428,2.121
3,429,1.953
3,430,2.065
3,431,2.075
3,432,2.116
3,433,2.006
3,434,1.966
3,435,1.953
3,436,2.094
3,437,2
3,438,2.072
3,439,1.953
3,440,2.007
3,441,1.895
3,442,2.02
3,443,2.038
3,444,2.027
3,445,2.103
3,446,2.082
3,447,1.959
3,448,1.891
3,449,2.01
3,450,2.023
3,451,1.996
3,452,1.929
3,453,2.012
3,454,1.933
3,455,1.987
3,456,1.947
3,457,2.026
3,458,2.008
3,459,1.928
3,460,1.948
3,461,2.012
3,462,2.045
3,463,2.036
3,464,1.937
3,465,1.947
3,466,1.968
3,467,2.01
3,468,1.972
3,469,1.961
3,470,2.032
3,471,1.997
3,472,1.88
3,473,2.031
3,474,1.856
3,475,1.908
3,476,2.039
3,477,1.908
3,478,1.984
3,479,1.967
3,480,1.994
3,481,1.943
3,482,1.895
3,483,1.863
3,484,1.873
3,485,1.98
3,486,2.065
3,487,1.991
3,488,1.981
3,489,1.895
3,490,1.891
3,491,1.85
3,492,1.969
3,493,1.89
3,494,1.85
3,495,1.89
3,496,1.966
3,497,1.916
3,498,1.978
3,499,1.905
3,500,1.889
4,1,0
4,2,0
4,3,0
4,4,0
4,5,0
4,6,0
4,7,0
4,8,0
4,9,0
4,10,0
4,11,0
4,12,0
4,13,0
4,14,0
4,15,0
4,16,0
4,17,0
4,18,0
4,19,0
4,20,0
4,21,0
4,22,0
4,23,0
4,24,0
4,25,0
4,26,0
4,27,0
4,28,0
4,29,0
4,30,0
4,31,0
4,32,0
4,33,0
4,34,0
4,35,0
4,36,0
4,37,0
4,38,0
4,39,0
4,40,0
4,41,0
4,42,0
4,43,0
4,44,0
4,45,0
4,46,0
4,47,0
4,48,0
4,49,0
4,50,0
4,51,0
4,52,0
4,53,0
4,54,0
4,55,0
4,56,0
4,57,0
4,58,0
4,59,0
4,60,0
4,61,0
4,62,0
4,63,0
4,64,0
4,65,0
4,66,0
4,67,0
4,68,0
4,69,0
4,70,0
4,71,0
4,72,0
4,73,0
4,74,0
4,75,0
4,76,0
4,77,0
4,78,0
4,79,0
4,80,0
4,81,0
4,82,0
4,83,0
4,84,0
4,85,0
4,86,0
4,87,0
4,88,0
4,89,0
4,90,0
4,91,0
4,92,0
4,93,0
4,94,0
4,95,0
4,96,0
4,97,0
4,98,0
4,99,0
4,100,0
4,101,0
4,102,0
4,103,0
4,104,0
4,105,0
4,106,0
4,107,0
4,108,0
4,109,0
4,110,0
4,111,0
4,112,0
4,113,0
4,114,0
4,115,0
4,116,0
4,117,0
4,118,0
4,119,0
4,120,0
4,121,0
4,122,0
4,123,0
4,124,0
4,125,0
4,126,0
4,127,0
4,128,0
4,129,0
4,130,0
4,131,0
4,132,0
4,133,0
4,134,0
4,135,0
4,136,0
4,137,0
4,138,0
4,139,0
4,140,0
4,141,0
4,142,0
4,143,0
4,144,0
4,145,0
4,146,0
4,147,0
4,148,0
4,149,0
4,150,0
4,151,0
4,152,0
4,153,0
4,154,0
4,155,0
4,156,0
4,157,0
4,158,0
4,159,0
4,160,0
4,161,0
4,162,0
4,163,0
4,164,0
4,165,0
4,166,0
4,167,0
4,168,0
4,169,0
4,170,0
4,171,0
4,172,0
4,173,0
4,174,0
4,175,0
4,176,0
4,177,0
4,178,0
4,179,0
4,180,0
4,181,0
4,182,0
4,183,0
4,184,0
4,185,0
4,186,0
4,187,0
4,188,0
4,189,0
4,190,0
4,191,0
4,192,0
4,193,0
4,194,0
4,195,0
4,196,0
4,197,0
4,198,0
4,199,0
4,200,0
4,201,0
4,202,0
4,203,0
4,204,0
4,205,0
4,206,0
4,207,0
4,208,0
4,209,0
4,210,0
4,211,0
4,212,0
4,213,0
4,214,0
4,215,0
4,216,0
4,217,0
4,218,0
4,219,0
4,220,0
4,221,0
4,222,0
4,223,0
4,224,0
4,225,0
4,226,0
4,227,0
4,228,0
4,229,0
4,230,0
4,231,0
4,232,0
4,233,0
4,234,0
4,235,0
4,236,0
4,237,0
4,238,0
4,239,0
4,240,0
4,241,0
4,242,0
4,243,0
4,244,0
4,245,0
4,246,0
4,247,0
4,248,0
4,249,0
4,250,0
4,251,0
4,252,0
4,253,0
4,254,0
4,255,0
4,256,0
4,257,0
4,258,0
4,259,0
4,260,0
4,261,0
4,262,0
4,263,0
4,264,0
4,265,0
4,266,0
4,267,0
4,268,0
4,269,0
4,270,0
4,271,0
4,272,0
4,273,0
4,274,0
4,275,0
4,276,0
4,277,0
4,278,0
4,279,0
4,280,0
4,281,0
4,282,0
4,283,0
4,284,0
4,285,0
4,286,0
4,287,0
4,288,0
4,289,0
4,290,0
4,291,0
4,292,0
4,293,0
4,294,0
4,295,0
4,296,0
4,297,0
4,298,0
4,299,0
4,300,0
4,301,0
4,302,0
4,303,0
4,304,0
4,305,0
4,306,0
4,307,0
4,308,0
4,309,0
4,310,0
4,311,0
4,312,0
4,313,0
4,314,0
4,315,0
4,316,0
4,317,0
4,318,0
4,319,0
4,320,0
4,321,0
4,322,0
4,323,0
4,324,0
4,325,0
4,326,0
4,327,0
4,328,0
4,329,0
4,330,0
4,331,0
4,332,0
4,333,0
4,334,0
4,335,0
4,336,0
4,337,0
4,338,0
4,339,0
4,340,0
4,341,0
4,342,0
4,343,0
4,344,0
4,345,0
4,346,0
4,347,0
4,348,0
4,349,0
4,350,0
4,351,0
4,352,0
4,353,0
4,354,0
4,355,0
4,356,0
4,357,0
4,358,0
4,359,0
4,360,0
4,361,0
4,362,0
4,363,0
4,364,0
4,365,0
4,366,0
4,367,0
4,368,0
4,369,0
4,370,0
4,371,0
4,372,0
4,373,0
4,374,0
4,375,0
4,376,0
4,377,0
4,378,0
4,379,0
4,380,0
4,381,0
4,382,0
4,383,0
4,384,0
4,385,0
4,386,0
4,387,0
4,388,0
4,389,0
4,390,0
4,391,0
4,392,0
4,393,0
4,394,0
4,395,0
4,396,0
4,397,0
4,398,0
4,399,0
4,400,0
4,401,0
4,402,0
4,403,0
4,404,0
4,405,0
4,406,0
4,407,0
4,408,0
4,409,0
4,410,0
4,411,0
4,412,0
4,413,0
4,414,0
4,415,0
4,416,0
4,417,0
4,418,0
4,419,0
4,420,0
4,421,0
4,422,0
4,423,0
4,424,0
4,425,0
4,426,0
4,427,0
4,428,0
4,429,0
4,430,0
4,431,0
4,432,0
4,433,0
4,434,0
4,435,0
4,436,0
4,437,0
4,438,0
4,439,0
4,440,0
4,441,0
4,442,0
4,443,0
4,444,0
4,445,0
4,446,0
4,447,0
4,448,0
4,449,0
4,450,0
4,451,0
4,452,0
4,453,0
4,454,0
4,455,0
4,456,0
4,457,0
4,458,0
4,459,0
4,460,0
4,461,0
4,462,0
4,463,0
4,464,0
4,465,0
4,466,0
4,467,0
4,468,0
4,469,0
4,470,0
4,471,0
4,472,0
4,473,0
4,474,0
4,475,0
4,476,0
4,477,0
4,478,0
4,479,0
4,480,0
4,481,0
4,482,0
4,483,0
4,484,0
4,485,0
4,486,0
4,487,0
4,488,0
4,489,0
4,490,0
4,491,0
4,492,0
4,493,0
4,494,0
4,495,0
4,496,0
4,497,0
4,498,0
4,499,0
4,500,0
5,1,0
5,2,0
5,3,0
5,4,0
5,5,0
5,6,0
5,7,0
5,8,0
5,9,0
5,10,0
5,11,0
5,12,0
5,13,0
5,14,0
5,15,0
5,16,0
5,17,0
5,18,0
5,19,0
5,20,0
5,21,0
5,22,0
5,23,0
5,24,0
5,25,0
5,26,0
5,27,0
5,28,0
5,29,0
5,30,0
5,31,0
5,32,0
5,33,0
5,34,0
5,35,0
5,36,0
5,37,0
5,38,0
5,39,0
5,40,0
5,41,0
5,42,0
5,43,0
5,44,0
5,45,0
5,46,0
5,47,0
5,48,0
5,49,0
5,50,0
5,51,0
5,52,0
5,53,0
5,54,0
5,55,0
5,56,0
5,57,0
5,58,0
5,59,0
5,60,0
5,61,0
5,62,0
5,63,0
5,64,0
5,65,0
5,66,0
5,67,0
5,68,0
5,69,0
5,70,0
5,71,0
5,72,0
5,73,0
5,74,0
5,75,0
5,76,0
5,77,0
5,78,0
5,79,0
5,80,0
5,81,0
5,82,0
5,83,0
5,84,0
5,85,0
5,86,0
5,87,0
5,88,0
5,89,0
5,90,0
5,91,0
5,92,0
5,93,0
5,94,0
5,95,0
5,96,0
5,97,0
5,98,0
5,99,0
5,100,0
5,101,0
5,102,0
5,103,0
5,104,0
5,105,0
5,106,0
5,107,0
5,108,0
5,109,0
5,110,0
5,111,0
5,112,0
5,113,0
5,114,0
5,115,0
5,116,0
5,117,0
5,118,0
5,119,0
5,120,0
5,121,0
5,122,0
5,123,0
5,124,0
5,125,0
5,126,0
5,127,0
5,128,0
5,129,0
5,130,0
5,131,0
5,132,0
5,133,0
5,134,0
5,135,0
5,136,0
5,137,0
5,138,0
5,139,0
5,140,0
5,141,0
5,142,0
5,143,0
5,144,0
5,145,0
5,146,0
5,147,0
5,148,0
5,149,0
5,150,0
5,151,0
5,152,0
5,153,0
5,154,0
5,155,0
5,156,0
5,157,0
5,158,0
5,159,0
5,160,0
5,161,0
5,162,0
5,163,0
5,164,0
5,165,0
5,166,0
5,167,0
5,168,0
5,169,0
5,170,0
5,171,0
5,172,0
5,173,0
5,174,0
5,175,0
5,176,0
5,177,0
5,178,0
5,179,0
5,180,0
5,181,0
5,182,0
5,183,0
5,184,0
5,185,0
5,186,0
5,187,0
5,188,0
5,189,0
5,190,0
5,191,0
5,192,0
5,193,0
5,194,0
5,195,0
5,196,0
5,197,0
5,198,0
5,199,0
5,200,0
5,201,0
5,202,0
5,203,0
5,204,0
5,205,0
5,206,0
5,207,0
5,208,0
5,209,0
5,210,0
5,211,0
5,212,0
5,213,0
5,214,0
5,215,0
5,216,0
5,217,0
5,218,0
5,219,0
5,220,0
5,221,0
5,222,0
5,223,0
5,224,0
5,225,0
5,226,0
5,227,0
5,228,0
5,229,0
5,230,0
5,231,0
5,232,0
5,233,0
5,234,0
5,235,0
5,236,0
5,237,0
5,238,0
5,239,0
5,240,0
5,241,0
5,242,0
5,243,0
5,244,0
5,245,0
5,246,0
5,247,0
5,248,0
5,249,0
5,250,0
5,251,0
5,252,0
5,253,0
5,254,0
5,255,0
5,256,0
5,257,0
5,258,0
5,259,0
5,260,0
5,261,0
5,262,0
5,263,0
5,264,0
5,265,0
5,266,0
5,267,0
5,268,0
5,269,0
5,270,0
5,271,0
5,272,0
5,273,0
5,274,0
5,275,0
5,276,0
5,277,0
5,278,0
5,279,0
5,280,0
5,281,0
5,282,0
5,283,0
5,284,0
5,285,0
5,286,0
5,287,0
5,288,0
5,289,0
5,290,0
5,291,0
5,292,0
5,293,0
5,294,0
5,295,0
5,296,0
5,297,0
5,298,0
5,299,0
5,300,0
5,301,0
5,302,0
5,303,0
5,304,0
5,305,0
5,306,0
5,307,0
5,308,0
5,309,0
5,310,0
5,311,0
5,312,0
5,313,0
5,314,0
5,315,0
5,316,0
5,317,0
5,318,0
5,319,0
5,320,0
5,321,0
5,322,0
5,323,0
5,324,0
5,325,0
5,326,0
5,327,0
5,328,0
5,329,0
5,330,0
5,331,0
5,332,0
5,333,0
5,334,0
5,335,0
5,336,0
5,337,0
5,338,0
5,339,0
5,340,0
5,341,0
5,342,0
5,343,0
5,344,0
5,345,0
5,346,0
5,347,0
5,348,0
5,349,0
5,350,0
5,351,0
5,352,0
5,353,0
5,354,0
5,355,0
5,356,0
5,357,0
5,358,0
5,359,0
5,360,0
5,361,0
5,362,0
5,363,0
5,364,0
5,365,0
5,366,0
5,367,0
5,368,0
5,369,0
5,370,0
5,371,0
5,372,0
5,373,0
5,374,0
5,375,0
5,376,0
5,377,0
5,378,0
5,379,0
5,380,0
5,381,0
5,382,0
5,383,0
5,384,0
5,385,0
5,386,0
5,387,0
5,388,0
5,389,0
5,390,0
5,391,0
5,392,0
5,393,0
5,394,0
5,395,0
5,396,0
5,397,0
5,398,0
5,399,0
5,400,0
5,401,0
5,402,0
5,403,0
5,404,0
5,405,0
5,406,0
5,407,0
5,408,0
5,409,0
5,410,0
5,411,0
5,412,0
5,413,0
5,414,0
5,415,0
5,416,0
5,417,0
5,418,0
5,419,0
5,420,0
5,421,0
5,422,0
5,423,0
5,424,0
5,425,0
5,426,0
5,427,0
5,428,0
5,429,0
5,430,0
5,431,0
5,432,0
5,433,0
5,434,0
5,435,0
5,436,0
5,437,0
5,438,0
5,439,0
5,440,0
5,441,0
5,442,0
5,443,0
5,444,0
5,445,0
5,446,0
5,447,0
5,448,0
5,449,0
5,450,0
5,451,0
5,452,0
5,453,0
5,454,0
5,455,0
5,456,0
5,457,0
5,458,0
5,459,0
5,460,0
5,461,0
5,462,0
5,463,0
5,464,0
5,465,0
5,466,0
5,467,0
5,468,0
5,469,0
5,470,0
5,471,0
5,472,0
5,473,0
5,474,0
5,475,0
5,476,0
5,477,0
5,478,0
5,479,0
5,480,0
5,481,0
5,482,0
5,483,0
5,484,0
5,485,0
5,486,0
5,487,0
5,488,0
5,489,0
5,490,0
5,491,0
5,492,0
5,493,0
5,494,0
5,495,0
5,496,0
5,497,0
5,498,0
5,499,0
5,500,0
6,1,0
6,2,0
6,3,0
6,4,0
6,5,0
6,6,0
6,7,0
6,8,0
6,9,0
6,10,0
6,11,0
6,12,0
6,13,0
6,14,0
6,15,0
6,16,0
6,17,0
6,18,0
6,19,0
6,20,0
6,21,0
6,22,0
6,23,0
6,24,0
6,25,0
6,26,0
6,27,0
6,28,0
6,29,0
6,30,0
6,31,0
6,32,0
6,33,0
6,34,0
6,35,0
6,36,0
6,37,0
6,38,0
6,39,0
6,40,0
6,41,0
6,42,0
6,43,0
6,44,0
6,45,0
6,46,0
6,47,0
6,48,0
6,49,0
6,50,0
6,51,0
6,52,0
6,53,0
6,54,0
6,55,0
6,56,0
6,57,0
6,58,0
6,59,0
6,60,0
6,61,0
6,62,0
6,63,0
6,64,0
6,65,0
6,66,0
6,67,0
6,68,0
6,69,0
6,70,0
6,71,0
6,72,0
6,73,0
6,74,0
6,75,0
6,76,0
6,77,0
6,78,0
6,79,0
6,80,0
6,81,0
6,82,0
6,83,0
6,84,0
6,85,0
6,86,0
6,87,0
6,88,0
6,89,0
6,90,0
6,91,0
6,92,0
6,93,0
6,94,0
6,95,0
6,96,0
6,97,0
6,98,0
6,99,0
6,100,0
6,101,0
6,102,0
6,103,0
6,104,0
6,105,0
6,106,0
6,107,0
6,108,0
6,109,0
6,110,0
6,111,0
6,112,0
6,113,0
6,114,0
6,115,0
6,116,0
6,117,0
6,118,0
6,119,0
6,120,0
6,121,0
6,122,0
6,123,0
6,124,0
6,125,0
6,126,0
6,127,0
6,128,0
6,129,0
6,130,0
6,131,0
6,132,0
6,133,0
6,134,0
6,135,0
6,136,0
6,137,0
6,138,0
6,139,0
6,140,0
6,141,0
6,142,0
6,143,0
6,144,0
6,145,0
6,146,0
6,147,0
6,148,0
6,149,0
6,150,0
6,151,0
6,152,0
6,153,0
6,154,0
6,155,0
6,156,0
6,157,0
6,158,0
6,159,0
6,160,0
6,161,0
6,162,0
6,163,0
6,164,0
6,165,0
6,166,0
6,167,0
6,168,0
6,169,0
6,170,0
6,171,0
6,172,0
6,173,0
6,174,0
6,175,0
6,176,0
6,177,0
6,178,0
6,179,0
6,180,0
6,181,0
6,182,0
6,183,0
6,184,0
6,185,0
6,186,0
6,187,0
6,188,0
6,189,0
6,190,0
6,191,0
6,192,0
6,193,0
6,194,0
6,195,0
6,196,0
6,197,0
6,198,0
6,199,0
6,200,0
6,201,0
6,202,0
6,203,0
6,204,0
6,205,0
6,206,0
6,207,0
6,208,0
6,209,0
6,210,0
6,211,0
6,212,0
6,213,0
6,214,0
6,215,0
6,216,0
6,217,0
6,218,0
6,219,0
6,220,0
6,221,0
6,222,0
6,223,0
6,224,0
6,225,0
6,226,0
6,227,0
6,228,0
6,229,0
6,230,0
6,231,0
6,232,0
6,233,0
6,234,0
6,235,0
6,236,0
6,237,0
6,238,0
6,239,0
6,240,0
6,241,0
6,242,0
6,243,0
6,244,0
6,245,0
6,246,0
6,247,0
6,248,0
6,249,0
6,250,0
6,251,0
6,252,0
6,253,0
6,254,0
6,255,0
6,256,0
6,257,0
6,258,0
6,259,0
6,260,0
6,261,0
6,262,0
6,263,0
6,264,0
6,265,0
6,266,0
6,267,0
6,268,0
6,269,0
6,270,0
6,271,0
6,272,0
6,273,0
6,274,0
6,275,0
6,276,0
6,277,0
6,278,0
6,279,0
6,280,0
6,281,0
6,282,0
6,283,0
6,284,0
6,285,0
6,286,0
6,287,0
6,288,0
6,289,0
6,290,0
6,291,0
6,292,0
6,293,0
6,294,0
6,295,0
6,296,0
6,297,0
6,298,0
6,299,0
6,300,0
6,301,0
6,302,0
6,303,0
6,304,0
6,305,0
6,306,0
6,307,0
6,308,0
6,309,0
6,310,0
6,311,0
6,312,0
6,313,0
6,314,0
6,315,0
6,316,0
6,317,0
6,318,0
6,319,0
6,320,0
6,321,0
6,322,0
6,323,0
6,324,0
6,325,0
6,326,0
6,327,0
6,328,0
6,329,0
6,330,0
6,331,0
6,332,0
6,333,0
6,334,0
6,335,0
6,336,0
6,337,0
6,338,0
6,339,0
6,340,0
6,341,0
6,342,0
6,343,0
6,344,0
6,345,0
6,346,0
6,347,0
6,348,0
6,349,0
6,350,0
6,351,0
6,352,0
6,353,0
6,354,0
6,355,0
6,356,0
6,357,0
6,358,0
6,359,0
6,360,0
6,361,0
6,362,0
6,363,0
6,364,0
6,365,0
6,366,0
6,367,0
6,368,0
6,369,0
6,370,0
6,371,0
6,372,0
6,373,0
6,374,0
6,375,0
6,376,0
6,377,0
6,378,0
6,379,0
6,380,0
6,381,0
6,382,0
6,383,0
6,384,0
6,385,0
6,386,0
6,387,0
6,388,0
6,389,0
6,390,0
6,391,0
6,392,0
6,393,0
6,394,0
6,395,0
6,396,0
6,397,0
6,398,0
6,399,0
6,400,0
6,401,0
6,402,0
6,403,0
6,404,0
6,405,0
6,406,0
6,407,0
6,408,0
6,409,0
6,410,0
6,411,0
6,412,0
6,413,0
6,414,0
6,415,0
6,416,0
6,417,0
6,418,0
6,419,0
6,420,0
6,421,0
6,422,0
6,423,0
6,424,0
6,425,0
6,426,0
6,427,0
6,428,0
6,429,0
6,430,0
6,431,0
6,432,0
6,433,0
6,434,0
6,435,0
6,436,0
6,437,0
6,438,0
6,439,0
6,440,0
6,441,0
6,442,0
6,443,0
6,444,0
6,445,0
6,446,0
6,447,0
6,448,0
6,449,0
6,450,0
6,451,0
6,452,0
6,453,0
6,454,0
6,455,0
6,456,0
6,457,0
6,458,0
6,459,0
6,460,0
6,461,0
6,462,0
6,463,0
6,464,0
6,465,0
6,466,0
6,467,0
6,468,0
6,469,0
6,470,0
6,471,0
6,472,0
6,473,0
6,474,0
6,475,0
6,476,0
6,477,0
6,478,0
6,479,0
6,480,0
6,481,0
6,482,0
6,483,0
6,484,0
6,485,0
6,486,0
6,487,0
6,488,0
6,489,0
6,490,0
6,491,0
6,492,0
6,493,0
6,494,0
6,495,0
6,496,0
6,497,0
6,498,0
6,499,0
6,500,0
7,1,0
7,2,0
7,3,0
7,4,0
7,5,0
7,6,0
7,7,0
7,8,0
7,9,0
7,10,0
7,11,0
7,12,0
7,13,0
7,14,0
7,15,0
7,16,0
7,17,0
7,18,0
7,19,0
7,20,0
7,21,0
7,22,0
7,23,0
7,24,0
7,25,0
7,26,0
7,27,0
7,28,0
7,29,0
7,30,0
7,31,0
7,32,0
7,33,0
7,34,0
7,35,0
7,36,0
7,37,0
7,38,0
7,39,0
7,40,0
7,41,0
7,42,0
7,43,0
7,44,0
7,45,0
7,46,0
7,47,0
7,48,0
7,49,0
7,50,0
7,51,0
7,52,0
7,53,0
7,54,0
7,55,0
7,56,0
7,57,0
7,58,0
7,59,0
7,60,0
7,61,0
7,62,0
7,63,0
7,64,0
7,65,0
7,66,0
7,67,0
7,68,0
7,69,0
7,70,0
7,71,0
7,72,0
7,73,0
7,74,0
7,75,0
7,76,0
7,77,0
7,78,0
7,79,0
7,80,0
7,81,0
7,82,0
7,83,0
7,84,0
7,85,0
7,86,0
7,87,0
7,88,0
7,89,0
7,90,0
7,91,0
7,92,0
7,93,0
7,94,0
7,95,0
7,96,0
7,97,0
7,98,0
7,99,0
7,100,0
7,101,0
7,102,0
7,103,0
7,104,0
7,105,0
7,106,0
7,107,0
7,108,0
7,109,0
7,110,0
7,111,0
7,112,0
7,113,0
7,114,0
7,115,0
7,116,0
7,117,0
7,118,0
7,119,0
7,120,0
7,121,0
7,122,0
7,123,0
7,124,0
7,125,0
7,126,0
7,127,0
7,128,0
7,129,0
7,130,0
7,131,0
7,132,0
7,133,0
7,134,0
7,135,0
7,136,0
7,137,0
7,138,0
7,139,0
7,140,0
7,141,0
7,142,0
7,143,0
7,144,0
7,145,0
7,146,0
7,147,0
7,148,0
7,149,0
7,150,0
7,151,0
7,152,0
7,153,0
7,154,0
7,155,0
7,156,0
7,157,0
7,158,0
7,159,0
7,160,0
7,161,0
7,162,0
7,163,0
7,164,0
7,165,0
7,166,0
7,167,0
7,168,0
7,169,0
7,170,0
7,171,0
7,172,0
7,173,0
7,174,0
7,175,0
7,176,0
7,177,0
7,178,0
7,179,0
7,180,0
7,181,0
7,182,0
7,183,0
7,184,0
7,185,0
7,186,0
7,187,0
7,188,0
7,189,0
7,190,0
7,191,0
7,192,0
7,193,0
7,194,0
7,195,0
7,196,0
7,197,0
7,198,0
7,199,0
7,200,0
7,201,0
7,202,0
7,203,0
7,204,0
7,205,0
7,206,0
7,207,0
7,208,0
7,209,0
7,210,0
7,211,0
7,212,0
7,213,0
7,214,0
7,215,0
7,216,0
7,217,0
7,218,0
7,219,0
7,220,0
7,221,0
7,222,0
7,223,0
7,224,0
7,225,0
7,226,0
7,227,0
7,228,0
7,229,0
7,230,0
7,231,0
7,232,0
7,233,0
7,234,0
7,235,0
7,236,0
7,237,0
7,238,0
7,239,0
7,240,0
7,241,0
7,242,0
7,243,0
7,244,0
7,245,0
7,246,0
7,247,0
7,248,0
7,249,0
7,250,0
7,251,0
7,252,0
7,253,0
7,254,0
7,255,0
7,256,0
7,257,0
7,258,0
7,259,0
7,260,0
7,261,0
7,262,0
7,263,0
7,264,0
7,265,0
7,266,0
7,267,0
7,268,0
7,269,0
7,270,0
7,271,0
7,272,0
7,273,0
7,274,0
7,275,0
7,276,0
7,277,0
7,278,0
7,279,0
7,280,0
7,281,0
7,282,0
7,283,0
7,284,0
7,285,0
7,286,0
7,287,0
7,288,0
7,289,0
7,290,0
7,291,0
7,292,0
7,293,0
7,294,0
7,295,0
7,296,0
7,297,0
7,298,0
7,299,0
7,300,0
7,301,0
7,302,0
7,303,0
7,304,0
7,305,0
7,306,0
7,307,0
7,308,0
7,309,0
7,310,0
7,311,0
7,312,0
7,313,0
7,314,0
7,315,0
7,316,0
7,317,0
7,318,0
7,319,0
7,320,0
7,321,0
7,322,0
7,323,0
7,324,0
7,325,0
7,326,0
7,327,0
7,328,0
7,329,0
7,330,0
7,331,0
7,332,0
7,333,0
7,334,0
7,335,0
7,336,0
7,337,0
7,338,0
7,339,0
7,340,0
7,341,0
7,342,0
7,343,0
7,344,0
7,345,0
7,346,0
7,347,0
7,348,0
7,349,0
7,350,0
7,351,0
7,352,0
7,353,0
7,354,0
7,355,0
7,356,0
7,357,0
7,358,0
7,359,0
7,360,0
7,361,0
7,362,0
7,363,0
7,364,0
7,365,0
7,366,0
7,367,0
7,368,0
7,369,0
7,370,0
7,371,0
7,372,0
7,373,0
7,374,0
7,375,0
7,376,0
7,377,0
7,378,0
7,379,0
7,380,0
7,381,0
7,382,0
7,383,0
7,384,0
7,385,0
7,386,0
7,387,0
7,388,0
7,389,0
7,390,0
7,391,0
7,392,0
7,393,0
7,394,0
7,395,0
7,396,0
7,397,0
7,398,0
7,399,0
7,400,0
7,401,0
7,402,0
7,403,0
7,404,0
7,405,0
7,406,0
7,407,0
7,408,0
7,409,0
7,410,0
7,411,0
7,412,0
7,413,0
7,414,0
7,415,0
7,416,0
7,417,0
7,418,0
7,419,0
7,420,0
7,421,0
7,422,0
7,423,0
7,424,0
7,425,0
7,426,0
7,427,0
7,428,0
7,429,0
7,430,0
7,431,0
7,432,0
7,433,0
7,434,0
7,435,0
7,436,0
7,437,0
7,438,0
7,439,0
7,440,0
7,441,0
7,442,0
7,443,0
7,444,0
7,445,0
7,446,0
7,447,0
7,448,0
7,449,0
7,450,0
7,451,0
7,452,0
7,453,0
7,454,0
7,455,0
7,456,0
7,457,0
7,458,0
7,459,0
7,460,0
7,461,0
7,462,0
7,463,0
7,464,0
7,465,0
7,466,0
7,467,0
7,468,0
7,469,0
7,470,0
7,471,0
7,472,0
7,473,0
7,474,0
7,475,0
7,476,0
7,477,0
7,478,0
7,479,0
7,480,0
7,481,0
7,482,0
7,483,0
7,484,0
7,485,0
7,486,0
7,487,0
7,488,0
7,489,0
7,490,0
7,491,0
7,492,0
7,493,0
7,494,0
7,495,0
7,496,0
7,497,0
7,498,0
7,499,0
7,500,0
8,1,0
8,2,0
8,3,0
8,4,0
8,5,0
8,6,0
8,7,0
8,8,0
8,9,0
8,10,0
8,11,0
8,12,0
8,13,0
8,14,0
8,15,0
8,16,0
8,17,0
8,18,0
8,19,0
8,20,0
8,21,0
8,22,0
8,23,0
8,24,0
8,25,0
8,26,0
8,27,0
8,28,0
8,29,0
8,30,0
8,31,0
8,32,0
8,33,0
8,34,0
8,35,0
8,36,0
8,37,0
8,38,0
8,39,0
8,40,0
8,41,0
8,42,0
8,43,0
8,44,0
8,45,0
8,46,0
8,47,0
8,48,0
8,49,0
8,50,0
8,51,0
8,52,0
8,53,0
8,54,0
8,55,0
8,56,0
8,57,0
8,58,0
8,59,0
8,60,0
8,61,0
8,62,0
8,63,0
8,64,0
8,65,0
8,66,0
8,67,0
8,68,0
8,69,0
8,70,0
8,71,0
8,72,0
8,73,0
8,74,0
8,75,0
8,76,0
8,77,0
8,78,0
8,79,0
8,80,0
8,81,0
8,82,0
8,83,0
8,84,0
8,85,0
8,86,0
8,87,0
8,88,0
8,89,0
8,90,0
8,91,0
8,92,0
8,93,0
8,94,0
8,95,0
8,96,0
8,97,0
8,98,0
8,99,0
8,100,0
8,101,0
8,102,0
8,103,0
8,104,0
8,105,0
8,106,0
8,107,0
8,108,0
8,109,0
8,110,0
8,111,0
8,112,0
8,113,0
8,114,0
8,115,0
8,116,0
8,117,0
8,118,0
8,119,0
8,120,0
8,121,0
8,122,0
8,123,0
8,124,0
8,125,0
8,126,0
8,127,0
8,128,0
8,129,0
8,130,0
8,131,0
8,132,0
8,133,0
8,134,0
8,135,0
8,136,0
8,137,0
8,138,0
8,139,0
8,140,0
8,141,0
8,142,0
8,143,0
8,144,0
8,145,0
8,146,0
8,147,0
8,148,0
8,149,0
8,150,0
8,151,0
8,152,0
8,153,0
8,154,0
8,155,0
8,156,0
8,157,0
8,158,0
8,159,0
8,160,0
8,161,0
8,162,0
8,163,0
8,164,0
8,165,0
8,166,0
8,167,0
8,168,0
8,169,0
8,170,0
8,171,0
8,172,0
8,173,0
8,174,0
8,175,0
8,176,0
8,177,0
8,178,0
8,179,0
8,180,0
8,181,0
8,182,0
8,183,0
8,184,0
8,185,0
8,186,0
8,187,0
8,188,0
8,189,0
8,190,0
8,191,0
8,192,0
8,193,0
8,194,0
8,195,0
8,196,0
8,197,0
8,198,0
8,199,0
8,200,0
8,201,0
8,202,0
8,203,0
8,204,0
8,205,0
8,206,0
8,207,0
8,208,0
8,209,0
8,210,0
8,211,0
8,212,0
8,213,0
8,214,0
8,215,0
8,216,0
8,217,0
8,218,0
8,219,0
8,220,0
8,221,0
8,222,0
8,223,0
8,224,0
8,225,0
8,226,0
8,227,0
8,228,0
8,229,0
8,230,0
8,231,0
8,232,0
8,233,0
8,234,0
8,235,0
8,236,0
8,237,0
8,238,0
8,239,0
8,240,0
8,241,0
8,242,0
8,243,0
8,244,0
8,245,0
8,246,0
8,247,0
8,248,0
8,249,0
8,250,0
8,251,0
8,252,0
8,253,0
8,254,0
8,255,0
8,256,0
8,257,0
8,258,0
8,259,0
8,260,0
8,261,0
8,262,0
8,263,0
8,264,0
8,265,0
8,266,0
8,267,0
8,268,0
8,269,0
8,270,0
8,271,0
8,272,0
8,273,0
8,274,0
8,275,0
8,276,0
8,277,0
8,278,0
8,279,0
8,280,0
8,281,0
8,282,0
8,283,0
8,284,0
8,285,0
8,286,0
8,287,0
8,288,0
8,289,0
8,290,0
8,291,0
8,292,0
8,293,0
8,294,0
8,295,0
8,296,0
8,297,0
8,298,0
8,299,0
8,300,0
8,301,0
8,302,0
8,303,0
8,304,0
8,305,0
8,306,0
8,307,0
8,308,0
8,309,0
8,310,0
8,311,0
8,312,0
8,313,0
8,314,0
8,315,0
8,316,0
8,317,0
8,318,0
8,319,0
8,320,0
8,321,0
8,322,0
8,323,0
8,324,0
8,325,0
8,326,0
8,327,0
8,328,0
8,329,0
8,330,0
8,331,0
8,332,0
8,333,0
8,334,0
8,335,0
8,336,0
8,337,0
8,338,0
8,339,0
8,340,0
8,341,0
8,342,0
8,343,0
8,344,0
8,345,0
8,346,0
8,347,0
8,348,0
8,349,0
8,350,0
8,351,0
8,352,0
8,353,0
8,354,0
8,355,0
8,356,0
8,357,0
8,358,0
8,359,0
8,360,0
8,361,0
8,362,0
8,363,0
8,364,0
8,365,0
8,366,0
8,367,0
8,368,0
8,369,0
8,370,0
8,371,0
8,372,0
8,373,0
8,374,0
8,375,0
8,376,0
8,377,0
8,378,0
8,379,0
8,380,0
8,381,0
8,382,0
8,383,0
8,384,0
8,385,0
8,386,0
8,387,0
8,388,0
8,389,0
8,390,0
8,391,0
8,392,0
8,393,0
8,394,0
8,395,0
8,396,0
8,397,0
8,398,0
8,399,0
8,400,0
8,401,0
8,402,0
8,403,0
8,404,0
8,405,0
8,406,0
8,407,0
8,408,0
8,409,0
8,410,0
8,411,0
8,412,0
8,413,0
8,414,0
8,415,0
8,416,0
8,417,0
8,418,0
8,419,0
8,420,0
8,421,0
8,422,0
8,423,0
8,424,0
8,425,0
8,426,0
8,427,0
8,428,0
8,429,0
8,430,0
8,431,0
8,432,0
8,433,0
8,434,0
8,435,0
8,436,0
8,437,0
8,438,0
8,439,0
8,440,0
8,441,0
8,442,0
8,443,0
8,444,0
8,445,0
8,446,0
8,447,0
8,448,0
8,449,0
8,450,0
8,451,0
8,452,0
8,453,0
8,454,0
8,455,0
8,456,0
8,457,0
8,458,0
8,459,0
8,460,0
8,461,0
8,462,0
8,463,0
8,464,0
8,465,0
8,466,0
8,467,0
8,468,0
8,469,0
8,470,0
8,471,0
8,472,0
8,473,0
8,474,0
8,475,0
8,476,0
8,477,0
8,478,0
8,479,0
8,480,0
8,481,0
8,482,0
8,483,0
8,484,0
8,485,0
8,486,0
8,487,0
8,488,0
8,489,0
8,490,0
8,491,0
8,492,0
8,493,0
8,494,0
8,495,0
8,496,0
8,497,0
8,498,0
8,499,0
8,500,0
9,1,0
9,2,0
9,3,0
9,4,0
9,5,0
9,6,0
9,7,0
9,8,0
9,9,0
9,10,0
9,11,0
9,12,0
9,13,0
9,14,0
9,15,0
9,16,0
9,17,0
9,18,0
9,19,0.01
9,20,0
9,21,0
9,22,0
9,23,0
9,24,0
9,25,0
9,26,0
9,27,0
9,28,0
9,29,0
9,30,0
9,31,0
9,32,0
9,33,0
9,34,0
9,35,0
9,36,0
9,37,0.01
9,38,0
9,39,0
9,40,0
9,41,0
9,42,0
9,43,0
9,44,0
9,45,0
9,46,0
9,47,0
9,48,0
9,49,0
9,50,0
9,51,0
9,52,0
9,53,0
9,54,0
9,55,0
9,56,0
9,57,0
9,58,0.008
9,59,0.009
9,60,0
9,61,0.01
9,62,0
9,63,0
9,64,0.01
9,65,0.009
9,66,0
9,67,0.01
9,68,0
9,69,0
9,70,0
9,71,0
9,72,0
9,73,0
9,74,0
9,75,0
9,76,0
9,77,0
9,78,0
9,79,0
9,80,0
9,81,0
9,82,0
9,83,0
9,84,0
9,85,0
9,86,0
9,87,0
9,88,0
9,89,0
9,90,0
9,91,0
9,92,0
9,93,0
9,94,0
9,95,0
9,96,0
9,97,0
9,98,0
9,99,0
9,100,0
9,101,0
9,102,0
9,103,0
9,104,0
9,105,0
9,106,0
9,107,0
9,108,0
9,109,0
9,110,0
9,111,0
9,112,0
9,113,0
9,114,0
9,115,0
9,116,0
9,117,0
9,118,0
9,119,0
9,120,0
9,121,0
9,122,0
9,123,0
9,124,0
9,125,0
9,126,0
9,127,0.01
9,128,0.01
9,129,0
9,130,0.01
9,131,0
9,132,0
9,133,0
9,134,0
9,135,0
9,136,0
9,137,0
9,138,0
9,139,0
9,140,0
9,141,0
9,142,0
9,143,0
9,144,0
9,145,0
9,146,0
9,147,0
9,148,0
9,149,0.01
9,150,0
9,151,0
9,152,0
9,153,0
9,154,0
9,155,0
9,156,0
9,157,0
9,158,0
9,159,0
9,160,0
9,161,0
9,162,0.01
9,163,0.009
9,164,0
9,165,0.01
9,166,0
9,167,0
9,168,0
9,169,0
9,170,0
9,171,0
9,172,0
9,173,0
9,174,0
9,175,0
9,176,0
9,177,0
9,178,0
9,179,0
9,180,0
9,181,0
9,182,0.008
9,183,0.01
9,184,0
9,185,0.01
9,186,0
9,187,0
9,188,0
9,189,0
9,190,0
9,191,0
9,192,0
9,193,0
9,194,0
9,195,0
9,196,0
9,197,0
9,198,0
9,199,0
9,200,0
9,201,0
9,202,0
9,203,0
9,204,0
9,205,0
9,206,0
9,207,0
9,208,0
9,209,0
9,210,0
9,211,0
9,212,0
9,213,0
9,214,0
9,215,0
9,216,0
9,217,0.003
9,218,0.002
9,219,0
9,220,0
9,221,0
9,222,0
9,223,0.01
9,224,0
9,225,0
9,226,0
9,227,0
9,228,0.008
9,229,0.007
9,230,0
9,231,0.01
9,232,0
9,233,0
9,234,0.01
9,235,0.009
9,236,0
9,237,0.01
9,238,0
9,239,0
9,240,0
9,241,0
9,242,0
9,243,0
9,244,0
9,245,0
9,246,0
9,247,0
9,248,0
9,249,0
9,250,0
9,251,0
9,252,0
9,253,0
9,254,0
9,255,0
9,256,0
9,257,0
9,258,0
9,259,0
9,260,0
9,261,0.01
9,262,0.01
9,263,0
9,264,0.01
9,265,0
9,266,0
9,267,0
9,268,0
9,269,0
9,270,0
9,271,0
9,272,0
9,273,0
9,274,0
9,275,0
9,276,0
9,277,0
9,278,0
9,279,0
9,280,0
9,281,0
9,282,0
9,283,0
9,284,0
9,285,0
9,286,0
9,287,0
9,288,0
9,289,0
9,290,0
9,291,0
9,292,0.01
9,293,0.009
9,294,0
9,295,0.01
9,296,0
9,297,0
9,298,0
9,299,0
9,300,0
9,301,0
9,302,0
9,303,0
9,304,0
9,305,0
9,306,0
9,307,0
9,308,0
9,309,0
9,310,0
9,311,0
9,312,0
9,313,0
9,314,0
9,315,0
9,316,0
9,317,0
9,318,0
9,319,0
9,320,0
9,321,0
9,322,0
9,323,0
9,324,0
9,325,0
9,326,0
9,327,0.008
9,328,0.007
9,329,0
9,330,0.01
9,331,0
9,332,0
9,333,0
9,334,0
9,335,0
9,336,0
9,337,0
9,338,0
9,339,0
9,340,0
9,341,0
9,342,0
9,343,0
9,344,0
9,345,0
9,346,0
9,347,0
9,348,0
9,349,0
9,350,0
9,351,0
9,352,0
9,353,0
9,354,0
9,355,0
9,356,0
9,357,0
9,358,0
9,359,0.01
9,360,0.01
9,361,0
9,362,0.02
9,363,0.01
9,364,0
9,365,0
9,366,0.01
9,367,0
9,368,0
9,369,0
9,370,0
9,371,0
9,372,0
9,373,0
9,374,0
9,375,0
9,376,0
9,377,0
9,378,0
9,379,0
9,380,0
9,381,0
9,382,0
9,383,0
9,384,0
9,385,0
9,386,0
9,387,0
9,388,0
9,389,0
9,390,0
9,391,0
9,392,0
9,393,0
9,394,0
9,395,0
9,396,0
9,397,0
9,398,0
9,399,0
9,400,0
9,401,0
9,402,0
9,403,0
9,404,0
9,405,0
9,406,0
9,407,0
9,408,0
9,409,0
9,410,0
9,411,0
9,412,0
9,413,0
9,414,0
9,415,0
9,416,0
9,417,0
9,418,0
9,419,0
9,420,0
9,421,0
9,422,0
9,423,0
9,424,0
9,425,0
9,426,0
9,427,0
9,428,0
9,429,0
9,430,0
9,431,0
9,432,0
9,433,0
9,434,0
9,435,0
9,436,0
9,437,0
9,438,0
9,439,0
9,440,0.007
9,441,0.01
9,442,0
9,443,0.01
9,444,0.01
9,445,0.01
9,446,0
9,447,0.01
9,448,0
9,449,0
9,450,0
9,451,0
9,452,0
9,453,0
9,454,0.009
9,455,0.008
9,456,0
9,457,0.01
9,458,0
9,459,0
9,460,0
9,461,0
9,462,0
9,463,0
9,464,0
9,465,0
9,466,0
9,467,0
9,468,0
9,469,0
9,470,0
9,471,0
9,472,0
9,473,0
9,474,0
9,475,0
9,476,0.008
9,477,0.01
9,478,0
9,479,0.01
9,480,0
9,481,0
9,482,0
9,483,0
9,484,0
9,485,0
9,486,0
9,487,0
9,488,0
9,489,0
9,490,0
9,491,0
9,492,0
9,493,0
9,494,0
9,495,0
9,496,0
9,497,0
9,498,0
9,499,0
9,500,0
