run,getThreshold,tick
1,5,1
1,5.408,2
1,5.822,3
1,6.232,4
1,6.6,5
1,7.069,6
1,7.112,7
1,7.242,8
1,7.351,9
1,7.505,10
1,7.586,11
1,7.738,12
1,7.883,13
1,8.027,14
1,8.164,15
1,8.314,16
1,8.427,17
1,8.539,18
1,8.639,19
1,8.728,20
1,8.769,21
1,8.861,22
1,8.93,23
1,8.95,24
1,8.977,25
1,9.027,26
1,9.062,27
1,9.077,28
1,9.129,29
1,9.141,30
1,9.145,31
1,9.172,32
1,9.146,33
1,9.188,34
1,9.211,35
1,9.218,36
1,9.21,37
1,9.204,38
1,9.232,39
1,9.24,40
1,9.249,41
1,9.218,42
1,9.215,43
1,9.191,44
1,9.199,45
1,9.203,46
1,9.254,47
1,9.235,48
1,9.269,49
1,9.291,50
1,9.291,51
1,9.296,52
1,9.284,53
1,9.262,54
1,9.219,55
1,9.234,56
1,9.242,57
1,9.279,58
1,9.278,59
1,9.281,60
1,9.3,61
1,9.233,62
1,9.225,63
1,9.262,64
1,9.264,65
1,9.307,66
1,9.326,67
1,9.325,68
1,9.327,69
1,9.319,70
1,9.306,71
1,9.29,72
1,9.312,73
1,9.298,74
1,9.26,75
1,9.273,76
1,9.271,77
1,9.283,78
1,9.283,79
1,9.285,80
1,9.256,81
1,9.232,82
1,9.249,83
1,9.238,84
1,9.24,85
1,9.204,86
1,9.242,87
1,9.208,88
1,9.229,89
1,9.239,90
1,9.263,91
1,9.257,92
1,9.249,93
1,9.226,94
1,9.196,95
1,9.196,96
1,9.189,97
1,9.204,98
1,9.201,99
1,9.208,100
1,9.253,101
1,9.23,102
1,9.178,103
1,9.179,104
1,9.238,105
1,9.241,106
1,9.245,107
1,9.284,108
1,9.273,109
1,9.255,110
1,9.258,111
1,9.269,112
1,9.225,113
1,9.246,114
1,9.266,115
1,9.274,116
1,9.27,117
1,9.243,118
1,9.256,119
1,9.228,120
1,9.212,121
1,9.205,122
1,9.216,123
1,9.22,124
1,9.226,125
1,9.266,126
1,9.261,127
1,9.283,128
1,9.246,129
1,9.211,130
1,9.188,131
1,9.207,132
1,9.22,133
1,9.258,134
1,9.278,135
1,9.247,136
1,9.214,137
1,9.205,138
1,9.184,139
1,9.135,140
1,9.209,141
1,9.223,142
1,9.268,143
1,9.264,144
1,9.301,145
1,9.252,146
1,9.255,147
1,9.23,148
1,9.234,149
1,9.213,150
1,9.23,151
1,9.242,152
1,9.253,153
1,9.251,154
1,9.274,155
1,9.267,156
1,9.246,157
1,9.28,158
1,9.264,159
1,9.214,160
1,9.258,161
1,9.267,162
1,9.245,163
1,9.242,164
1,9.275,165
1,9.295,166
1,9.311,167
1,9.28,168
1,9.291,169
1,9.262,170
1,9.255,171
1,9.255,172
1,9.241,173
1,9.227,174
1,9.24,175
1,9.246,176
1,9.219,177
1,9.236,178
1,9.249,179
1,9.176,180
1,9.216,181
1,9.263,182
1,9.272,183
1,9.274,184
1,9.293,185
1,9.259,186
1,9.265,187
1,9.27,188
1,9.26,189
1,9.222,190
1,9.3,191
1,9.245,192
1,9.227,193
1,9.207,194
1,9.281,195
1,9.24,196
1,9.247,197
1,9.228,198
1,9.266,199
1,9.247,200
1,9.218,201
1,9.232,202
1,9.263,203
1,9.271,204
1,9.303,205
1,9.276,206
1,9.28,207
1,9.238,208
1,9.224,209
1,9.218,210
1,9.266,211
1,9.247,212
1,9.237,213
1,9.243,214
1,9.273,215
1,9.242,216
1,9.203,217
1,9.179,218
1,9.187,219
1,9.227,220
1,9.229,221
1,9.238,222
1,9.205,223
1,9.214,224
1,9.204,225
1,9.211,226
1,9.217,227
1,9.244,228
1,9.222,229
1,9.225,230
1,9.204,231
1,9.205,232
1,9.202,233
1,9.207,234
1,9.254,235
1,9.269,236
1,9.233,237
1,9.224,238
1,9.216,239
1,9.212,240
1,9.234,241
1,9.197,242
1,9.228,243
1,9.225,244
1,9.208,245
1,9.196,246
1,9.2,247
1,9.227,248
1,9.252,249
1,9.235,250
1,9.22,251
1,9.184,252
1,9.186,253
1,9.223,254
1,9.219,255
1,9.211,256
1,9.25,257
1,9.266,258
1,9.271,259
1,9.266,260
1,9.269,261
1,9.252,262
1,9.222,263
1,9.231,264
1,9.205,265
1,9.19,266
1,9.203,267
1,9.165,268
1,9.199,269
1,9.224,270
1,9.243,271
1,9.224,272
1,9.24,273
1,9.237,274
1,9.245,275
1,9.201,276
1,9.23,277
1,9.232,278
1,9.251,279
1,9.212,280
1,9.219,281
1,9.199,282
1,9.162,283
1,9.21,284
1,9.223,285
1,9.25,286
1,9.238,287
1,9.261,288
1,9.24,289
1,9.227,290
1,9.245,291
1,9.257,292
1,9.227,293
1,9.23,294
1,9.248,295
1,9.225,296
1,9.225,297
1,9.237,298
1,9.238,299
1,9.273,300
1,9.284,301
1,9.246,302
1,9.241,303
1,9.258,304
1,9.263,305
1,9.259,306
1,9.263,307
1,9.304,308
1,9.23,309
1,9.231,310
1,9.228,311
1,9.248,312
1,9.257,313
1,9.262,314
1,9.248,315
1,9.251,316
1,9.263,317
1,9.272,318
1,9.248,319
1,9.213,320
1,9.241,321
1,9.229,322
1,9.217,323
1,9.197,324
1,9.213,325
1,9.236,326
1,9.25,327
1,9.272,328
1,9.277,329
1,9.248,330
1,9.274,331
1,9.268,332
1,9.296,333
1,9.309,334
1,9.276,335
1,9.256,336
1,9.239,337
1,9.24,338
1,9.223,339
1,9.223,340
1,9.244,341
1,9.248,342
1,9.247,343
1,9.259,344
1,9.242,345
1,9.239,346
1,9.243,347
1,9.251,348
1,9.229,349
1,9.204,350
1,9.198,351
1,9.184,352
1,9.193,353
1,9.203,354
1,9.237,355
1,9.246,356
1,9.256,357
1,9.25,358
1,9.212,359
1,9.227,360
1,9.234,361
1,9.236,362
1,9.27,363
1,9.233,364
1,9.255,365
1,9.239,366
1,9.221,367
1,9.17,368
1,9.221,369
1,9.224,370
1,9.265,371
1,9.301,372
1,9.309,373
1,9.279,374
1,9.292,375
1,9.319,376
1,9.273,377
1,9.267,378
1,9.27,379
1,9.252,380
1,9.227,381
1,9.227,382
1,9.216,383
1,9.252,384
1,9.274,385
1,9.306,386
1,9.3,387
1,9.288,388
1,9.259,389
1,9.234,390
1,9.227,391
1,9.193,392
1,9.205,393
1,9.187,394
1,9.218,395
1,9.22,396
1,9.209,397
1,9.271,398
1,9.324,399
1,9.318,400
1,9.294,401
1,9.295,402
1,9.272,403
1,9.244,404
1,9.25,405
1,9.241,406
1,9.254,407
1,9.256,408
1,9.211,409
1,9.21,410
1,9.248,411
1,9.229,412
1,9.216,413
1,9.277,414
1,9.266,415
1,9.27,416
1,9.231,417
1,9.225,418
1,9.206,419
1,9.221,420
1,9.221,421
1,9.237,422
1,9.241,423
1,9.236,424
1,9.245,425
1,9.224,426
1,9.242,427
1,9.268,428
1,9.229,429
1,9.253,430
1,9.263,431
1,9.241,432
1,9.225,433
1,9.242,434
1,9.282,435
1,9.254,436
1,9.261,437
1,9.237,438
1,9.247,439
1,9.216,440
1,9.26,441
1,9.225,442
1,9.236,443
1,9.244,444
1,9.25,445
1,9.236,446
1,9.249,447
1,9.251,448
1,9.267,449
1,9.29,450
1,9.273,451
1,9.255,452
1,9.236,453
1,9.196,454
1,9.212,455
1,9.249,456
1,9.25,457
1,9.257,458
1,9.25,459
1,9.245,460
1,9.215,461
1,9.229,462
1,9.23,463
1,9.175,464
1,9.218,465
1,9.256,466
1,9.259,467
1,9.267,468
1,9.319,469
1,9.286,470
1,9.254,471
1,9.267,472
1,9.252,473
1,9.248,474
1,9.251,475
1,9.263,476
1,9.211,477
1,9.236,478
1,9.221,479
1,9.235,480
1,9.255,481
1,9.254,482
1,9.209,483
1,9.22,484
1,9.198,485
1,9.224,486
1,9.25,487
1,9.266,488
1,9.281,489
1,9.285,490
1,9.282,491
1,9.238,492
1,9.234,493
1,9.245,494
1,9.219,495
1,9.204,496
1,9.251,497
1,9.289,498
1,9.281,499
1,9.293,500
10,5,1
10,6,2
10,7,3
10,7.372,4
10,7.738,5
10,8.092,6
10,8.135,7
10,8.243,8
10,8.29,9
10,8.292,10
10,8.297,11
10,8.297,12
10,8.256,13
10,8.202,14
10,8.151,15
10,8.103,16
10,8.044,17
10,8.032,18
10,7.997,19
10,8.006,20
10,8.021,21
10,8.018,22
10,7.994,23
10,8.011,24
10,7.986,25
10,7.961,26
10,7.936,27
10,7.923,28
10,7.914,29
10,7.926,30
10,7.924,31
10,7.862,32
10,7.864,33
10,7.847,34
10,7.858,35
10,7.819,36
10,7.8,37
10,7.825,38
10,7.841,39
10,7.842,40
10,7.821,41
10,7.786,42
10,7.74,43
10,7.722,44
10,7.724,45
10,7.749,46
10,7.759,47
10,7.758,48
10,7.742,49
10,7.743,50
10,7.745,51
10,7.741,52
10,7.779,53
10,7.765,54
10,7.788,55
10,7.793,56
10,7.753,57
10,7.723,58
10,7.699,59
10,7.716,60
10,7.699,61
10,7.709,62
10,7.696,63
10,7.684,64
10,7.696,65
10,7.653,66
10,7.676,67
10,7.637,68
10,7.628,69
10,7.633,70
10,7.629,71
10,7.653,72
10,7.655,73
10,7.646,74
10,7.63,75
10,7.614,76
10,7.569,77
10,7.562,78
10,7.572,79
10,7.568,80
10,7.555,81
10,7.622,82
10,7.643,83
10,7.618,84
10,7.647,85
10,7.677,86
10,7.648,87
10,7.645,88
10,7.643,89
10,7.63,90
10,7.658,91
10,7.654,92
10,7.644,93
10,7.636,94
10,7.642,95
10,7.639,96
10,7.676,97
10,7.643,98
10,7.63,99
10,7.612,100
10,7.636,101
10,7.614,102
10,7.639,103
10,7.625,104
10,7.583,105
10,7.612,106
10,7.61,107
10,7.622,108
10,7.631,109
10,7.625,110
10,7.631,111
10,7.593,112
10,7.615,113
10,7.627,114
10,7.615,115
10,7.584,116
10,7.567,117
10,7.481,118
10,7.542,119
10,7.608,120
10,7.571,121
10,7.575,122
10,7.573,123
10,7.582,124
10,7.637,125
10,7.627,126
10,7.63,127
10,7.641,128
10,7.648,129
10,7.646,130
10,7.605,131
10,7.6,132
10,7.619,133
10,7.57,134
10,7.58,135
10,7.566,136
10,7.551,137
10,7.581,138
10,7.593,139
10,7.574,140
10,7.54,141
10,7.542,142
10,7.585,143
10,7.552,144
10,7.566,145
10,7.559,146
10,7.53,147
10,7.549,148
10,7.543,149
10,7.568,150
10,7.552,151
10,7.556,152
10,7.567,153
10,7.544,154
10,7.534,155
10,7.519,156
10,7.522,157
10,7.517,158
10,7.51,159
10,7.547,160
10,7.521,161
10,7.53,162
10,7.535,163
10,7.523,164
10,7.568,165
10,7.583,166
10,7.529,167
10,7.562,168
10,7.588,169
10,7.601,170
10,7.565,171
10,7.566,172
10,7.604,173
10,7.587,174
10,7.6,175
10,7.623,176
10,7.59,177
10,7.613,178
10,7.606,179
10,7.604,180
10,7.629,181
10,7.653,182
10,7.615,183
10,7.627,184
10,7.676,185
10,7.639,186
10,7.651,187
10,7.676,188
10,7.675,189
10,7.656,190
10,7.664,191
10,7.643,192
10,7.635,193
10,7.642,194
10,7.672,195
10,7.656,196
10,7.676,197
10,7.671,198
10,7.67,199
10,7.672,200
10,7.684,201
10,7.693,202
10,7.671,203
10,7.642,204
10,7.612,205
10,7.629,206
10,7.594,207
10,7.591,208
10,7.62,209
10,7.617,210
10,7.597,211
10,7.565,212
10,7.611,213
10,7.631,214
10,7.641,215
10,7.689,216
10,7.678,217
10,7.658,218
10,7.628,219
10,7.637,220
10,7.605,221
10,7.578,222
10,7.581,223
10,7.597,224
10,7.558,225
10,7.576,226
10,7.575,227
10,7.573,228
10,7.597,229
10,7.612,230
10,7.643,231
10,7.655,232
10,7.679,233
10,7.683,234
10,7.71,235
10,7.653,236
10,7.696,237
10,7.728,238
10,7.674,239
10,7.683,240
10,7.675,241
10,7.689,242
10,7.704,243
10,7.718,244
10,7.706,245
10,7.71,246
10,7.682,247
10,7.699,248
10,7.635,249
10,7.602,250
10,7.576,251
10,7.588,252
10,7.59,253
10,7.623,254
10,7.627,255
10,7.609,256
10,7.619,257
10,7.627,258
10,7.615,259
10,7.578,260
10,7.581,261
10,7.57,262
10,7.55,263
10,7.529,264
10,7.528,265
10,7.538,266
10,7.56,267
10,7.548,268
10,7.595,269
10,7.626,270
10,7.603,271
10,7.602,272
10,7.626,273
10,7.595,274
10,7.6,275
10,7.569,276
10,7.558,277
10,7.56,278
10,7.584,279
10,7.546,280
10,7.601,281
10,7.612,282
10,7.613,283
10,7.616,284
10,7.612,285
10,7.647,286
10,7.687,287
10,7.69,288
10,7.665,289
10,7.649,290
10,7.682,291
10,7.665,292
10,7.669,293
10,7.684,294
10,7.716,295
10,7.677,296
10,7.689,297
10,7.672,298
10,7.653,299
10,7.655,300
10,7.633,301
10,7.628,302
10,7.629,303
10,7.622,304
10,7.624,305
10,7.627,306
10,7.61,307
10,7.572,308
10,7.563,309
10,7.55,310
10,7.611,311
10,7.588,312
10,7.591,313
10,7.592,314
10,7.61,315
10,7.594,316
10,7.601,317
10,7.614,318
10,7.59,319
10,7.587,320
10,7.597,321
10,7.582,322
10,7.572,323
10,7.59,324
10,7.642,325
10,7.646,326
10,7.663,327
10,7.669,328
10,7.694,329
10,7.661,330
10,7.65,331
10,7.675,332
10,7.661,333
10,7.649,334
10,7.638,335
10,7.66,336
10,7.669,337
10,7.722,338
10,7.696,339
10,7.642,340
10,7.639,341
10,7.635,342
10,7.571,343
10,7.626,344
10,7.611,345
10,7.556,346
10,7.561,347
10,7.562,348
10,7.558,349
10,7.527,350
10,7.552,351
10,7.566,352
10,7.529,353
10,7.531,354
10,7.518,355
10,7.529,356
10,7.539,357
10,7.56,358
10,7.508,359
10,7.532,360
10,7.547,361
10,7.523,362
10,7.479,363
10,7.519,364
10,7.535,365
10,7.561,366
10,7.573,367
10,7.557,368
10,7.59,369
10,7.625,370
10,7.627,371
10,7.585,372
10,7.576,373
10,7.625,374
10,7.632,375
10,7.652,376
10,7.641,377
10,7.631,378
10,7.592,379
10,7.614,380
10,7.596,381
10,7.617,382
10,7.621,383
10,7.617,384
10,7.655,385
10,7.661,386
10,7.723,387
10,7.712,388
10,7.721,389
10,7.712,390
10,7.668,391
10,7.705,392
10,7.71,393
10,7.69,394
10,7.688,395
10,7.676,396
10,7.698,397
10,7.692,398
10,7.699,399
10,7.681,400
10,7.717,401
10,7.7,402
10,7.701,403
10,7.693,404
10,7.631,405
10,7.621,406
10,7.592,407
10,7.585,408
10,7.595,409
10,7.601,410
10,7.584,411
10,7.604,412
10,7.605,413
10,7.625,414
10,7.649,415
10,7.679,416
10,7.63,417
10,7.655,418
10,7.655,419
10,7.662,420
10,7.675,421
10,7.675,422
10,7.666,423
10,7.634,424
10,7.654,425
10,7.662,426
10,7.688,427
10,7.655,428
10,7.65,429
10,7.652,430
10,7.629,431
10,7.623,432
10,7.634,433
10,7.631,434
10,7.622,435
10,7.659,436
10,7.627,437
10,7.617,438
10,7.656,439
10,7.724,440
10,7.678,441
10,7.691,442
10,7.637,443
10,7.62,444
10,7.647,445
10,7.656,446
10,7.627,447
10,7.645,448
10,7.677,449
10,7.726,450
10,7.742,451
10,7.671,452
10,7.679,453
10,7.726,454
10,7.728,455
10,7.732,456
10,7.722,457
10,7.738,458
10,7.7,459
10,7.666,460
10,7.674,461
10,7.645,462
10,7.661,463
10,7.612,464
10,7.637,465
10,7.602,466
10,7.562,467
10,7.562,468
10,7.564,469
10,7.584,470
10,7.565,471
10,7.579,472
10,7.57,473
10,7.578,474
10,7.558,475
10,7.579,476
10,7.564,477
10,7.548,478
10,7.592,479
10,7.585,480
10,7.539,481
10,7.578,482
10,7.542,483
10,7.551,484
10,7.57,485
10,7.582,486
10,7.605,487
10,7.623,488
10,7.585,489
10,7.576,490
10,7.593,491
10,7.589,492
10,7.594,493
10,7.602,494
10,7.594,495
10,7.633,496
10,7.62,497
10,7.623,498
10,7.619,499
10,7.638,500
11,5,1
11,5.43,2
11,5.979,3
11,6.416,4
11,6.842,5
11,7.174,6
11,7.361,7
11,7.485,8
11,7.683,9
11,7.795,10
11,7.895,11
11,8.021,12
11,8.062,13
11,8.156,14
11,8.238,15
11,8.267,16
11,8.319,17
11,8.358,18
11,8.42,19
11,8.459,20
11,8.444,21
11,8.414,22
11,8.457,23
11,8.465,24
11,8.474,25
11,8.485,26
11,8.52,27
11,8.508,28
11,8.492,29
11,8.554,30
11,8.595,31
11,8.579,32
11,8.604,33
11,8.66,34
11,8.653,35
11,8.658,36
11,8.64,37
11,8.667,38
11,8.645,39
11,8.633,40
11,8.661,41
11,8.626,42
11,8.65,43
11,8.677,44
11,8.673,45
11,8.679,46
11,8.69,47
11,8.698,48
11,8.699,49
11,8.672,50
11,8.708,51
11,8.695,52
11,8.718,53
11,8.684,54
11,8.722,55
11,8.731,56
11,8.728,57
11,8.747,58
11,8.712,59
11,8.732,60
11,8.727,61
11,8.722,62
11,8.771,63
11,8.74,64
11,8.724,65
11,8.706,66
11,8.722,67
11,8.754,68
11,8.729,69
11,8.755,70
11,8.77,71
11,8.767,72
11,8.771,73
11,8.753,74
11,8.739,75
11,8.721,76
11,8.74,77
11,8.725,78
11,8.734,79
11,8.691,80
11,8.703,81
11,8.702,82
11,8.715,83
11,8.745,84
11,8.726,85
11,8.752,86
11,8.77,87
11,8.769,88
11,8.738,89
11,8.725,90
11,8.744,91
11,8.757,92
11,8.757,93
11,8.761,94
11,8.766,95
11,8.717,96
11,8.699,97
11,8.709,98
11,8.71,99
11,8.709,100
11,8.733,101
11,8.765,102
11,8.762,103
11,8.755,104
11,8.741,105
11,8.744,106
11,8.743,107
11,8.76,108
11,8.83,109
11,8.819,110
11,8.84,111
11,8.813,112
11,8.85,113
11,8.883,114
11,8.874,115
11,8.856,116
11,8.875,117
11,8.829,118
11,8.865,119
11,8.897,120
11,8.863,121
11,8.851,122
11,8.847,123
11,8.85,124
11,8.845,125
11,8.811,126
11,8.792,127
11,8.799,128
11,8.834,129
11,8.821,130
11,8.852,131
11,8.874,132
11,8.85,133
11,8.834,134
11,8.839,135
11,8.853,136
11,8.824,137
11,8.829,138
11,8.851,139
11,8.809,140
11,8.773,141
11,8.784,142
11,8.841,143
11,8.824,144
11,8.834,145
11,8.846,146
11,8.846,147
11,8.848,148
11,8.862,149
11,8.898,150
11,8.885,151
11,8.852,152
11,8.903,153
11,8.894,154
11,8.913,155
11,8.906,156
11,8.889,157
11,8.889,158
11,8.913,159
11,8.874,160
11,8.873,161
11,8.836,162
11,8.828,163
11,8.792,164
11,8.784,165
11,8.82,166
11,8.851,167
11,8.83,168
11,8.806,169
11,8.781,170
11,8.821,171
11,8.88,172
11,8.857,173
11,8.896,174
11,8.924,175
11,8.89,176
11,8.847,177
11,8.869,178
11,8.864,179
11,8.866,180
11,8.854,181
11,8.861,182
11,8.863,183
11,8.85,184
11,8.874,185
11,8.851,186
11,8.829,187
11,8.849,188
11,8.851,189
11,8.858,190
11,8.843,191
11,8.804,192
11,8.82,193
11,8.801,194
11,8.838,195
11,8.863,196
11,8.846,197
11,8.857,198
11,8.867,199
11,8.852,200
11,8.873,201
11,8.876,202
11,8.854,203
11,8.881,204
11,8.866,205
11,8.931,206
11,8.962,207
11,8.933,208
11,8.991,209
11,8.964,210
11,8.938,211
11,8.963,212
11,8.93,213
11,8.948,214
11,8.957,215
11,8.923,216
11,8.915,217
11,8.938,218
11,8.918,219
11,8.899,220
11,8.852,221
11,8.876,222
11,8.862,223
11,8.863,224
11,8.882,225
11,8.897,226
11,8.879,227
11,8.876,228
11,8.869,229
11,8.864,230
11,8.891,231
11,8.868,232
11,8.859,233
11,8.869,234
11,8.913,235
11,8.906,236
11,8.901,237
11,8.892,238
11,8.941,239
11,8.933,240
11,8.89,241
11,8.903,242
11,8.893,243
11,8.894,244
11,8.906,245
11,8.88,246
11,8.921,247
11,8.877,248
11,8.86,249
11,8.866,250
11,8.846,251
11,8.856,252
11,8.903,253
11,8.898,254
11,8.874,255
11,8.885,256
11,8.898,257
11,8.895,258
11,8.947,259
11,8.968,260
11,8.935,261
11,8.974,262
11,8.929,263
11,8.944,264
11,8.931,265
11,8.959,266
11,8.895,267
11,8.876,268
11,8.895,269
11,8.873,270
11,8.89,271
11,8.871,272
11,8.901,273
11,8.888,274
11,8.856,275
11,8.822,276
11,8.825,277
11,8.878,278
11,8.84,279
11,8.887,280
11,8.884,281
11,8.84,282
11,8.882,283
11,8.914,284
11,8.855,285
11,8.855,286
11,8.886,287
11,8.925,288
11,8.899,289
11,8.863,290
11,8.864,291
11,8.843,292
11,8.827,293
11,8.877,294
11,8.885,295
11,8.888,296
11,8.874,297
11,8.89,298
11,8.916,299
11,8.89,300
11,8.854,301
11,8.84,302
11,8.851,303
11,8.889,304
11,8.88,305
11,8.872,306
11,8.887,307
11,8.891,308
11,8.881,309
11,8.899,310
11,8.912,311
11,8.916,312
11,8.942,313
11,8.95,314
11,8.97,315
11,9.016,316
11,8.981,317
11,8.927,318
11,8.927,319
11,8.917,320
11,8.916,321
11,8.952,322
11,8.964,323
11,8.911,324
11,8.885,325
11,8.885,326
11,8.907,327
11,8.858,328
11,8.88,329
11,8.914,330
11,8.924,331
11,8.9,332
11,8.912,333
11,8.941,334
11,8.928,335
11,8.952,336
11,8.939,337
11,8.936,338
11,8.955,339
11,8.966,340
11,8.923,341
11,8.986,342
11,9.01,343
11,9.008,344
11,8.988,345
11,8.992,346
11,8.931,347
11,8.896,348
11,8.911,349
11,8.876,350
11,8.903,351
11,8.93,352
11,8.908,353
11,8.968,354
11,8.927,355
11,8.967,356
11,8.925,357
11,8.925,358
11,8.905,359
11,8.931,360
11,8.958,361
11,8.982,362
11,8.968,363
11,8.983,364
11,8.976,365
11,8.992,366
11,9.003,367
11,8.999,368
11,8.98,369
11,8.996,370
11,9.01,371
11,8.978,372
11,8.959,373
11,8.917,374
11,8.917,375
11,8.927,376
11,8.954,377
11,8.93,378
11,8.99,379
11,8.935,380
11,8.926,381
11,8.935,382
11,8.917,383
11,9.036,384
11,9.02,385
11,9.015,386
11,8.97,387
11,9.012,388
11,8.942,389
11,8.935,390
11,8.922,391
11,8.959,392
11,8.975,393
11,8.937,394
11,8.974,395
11,8.909,396
11,8.883,397
11,8.919,398
11,8.912,399
11,8.985,400
11,9.023,401
11,9.016,402
11,9.035,403
11,9.019,404
11,9.01,405
11,8.994,406
11,9.026,407
11,9.027,408
11,8.936,409
11,8.931,410
11,8.94,411
11,8.902,412
11,8.87,413
11,8.872,414
11,8.949,415
11,8.92,416
11,8.907,417
11,8.893,418
11,8.883,419
11,8.871,420
11,8.968,421
11,8.947,422
11,8.965,423
11,8.98,424
11,8.981,425
11,9.004,426
11,8.98,427
11,8.946,428
11,8.891,429
11,8.831,430
11,8.837,431
11,8.923,432
11,8.908,433
11,8.933,434
11,8.926,435
11,8.92,436
11,8.896,437
11,8.898,438
11,8.927,439
11,8.945,440
11,8.917,441
11,8.95,442
11,8.922,443
11,8.941,444
11,8.987,445
11,9.021,446
11,8.975,447
11,8.964,448
11,8.96,449
11,8.931,450
11,8.954,451
11,8.958,452
11,8.962,453
11,8.932,454
11,8.918,455
11,8.891,456
11,8.911,457
11,8.921,458
11,8.936,459
11,8.927,460
11,8.961,461
11,8.973,462
11,8.982,463
11,8.965,464
11,8.973,465
11,8.919,466
11,8.937,467
11,8.85,468
11,8.894,469
11,8.888,470
11,8.923,471
11,8.938,472
11,8.998,473
11,9.037,474
11,9.001,475
11,9.034,476
11,9.018,477
11,9.031,478
11,9.077,479
11,9.079,480
11,9.005,481
11,9.023,482
11,9.023,483
11,9.051,484
11,9.022,485
11,9.012,486
11,9.04,487
11,9.037,488
11,9.049,489
11,9.025,490
11,9.062,491
11,9.132,492
11,9.128,493
11,9.133,494
11,9.093,495
11,9.087,496
11,9.114,497
11,9.138,498
11,9.107,499
11,9.104,500
12,5,1
12,6,2
12,7,3
12,7.837,4
12,8.7,5
12,9.5,6
12,9.784,7
12,9.901,8
12,9.932,9
12,9.947,10
12,9.959,11
12,9.972,12
12,9.977,13
12,9.965,14
12,9.962,15
12,9.958,16
12,9.967,17
12,9.976,18
12,9.971,19
12,9.971,20
12,9.969,21
12,9.956,22
12,9.955,23
12,9.961,24
12,9.953,25
12,9.958,26
12,9.957,27
12,9.96,28
12,9.966,29
12,9.965,30
12,9.969,31
12,9.96,32
12,9.959,33
12,9.967,34
12,9.965,35
12,9.975,36
12,9.971,37
12,9.982,38
12,9.978,39
12,9.972,40
12,9.98,41
12,9.973,42
12,9.977,43
12,9.968,44
12,9.974,45
12,9.969,46
12,9.974,47
12,9.972,48
12,9.972,49
12,9.976,50
12,9.982,51
12,9.979,52
12,9.985,53
12,9.985,54
12,9.985,55
12,9.98,56
12,9.974,57
12,9.981,58
12,9.976,59
12,9.977,60
12,9.982,61
12,9.981,62
12,9.969,63
12,9.979,64
12,9.985,65
12,9.984,66
12,9.981,67
12,9.975,68
12,9.979,69
12,9.978,70
12,9.98,71
12,9.984,72
12,9.985,73
12,9.987,74
12,9.987,75
12,9.995,76
12,9.978,77
12,9.979,78
12,9.972,79
12,9.97,80
12,9.971,81
12,9.977,82
12,9.984,83
12,9.985,84
12,9.982,85
12,9.989,86
12,9.982,87
12,9.98,88
12,9.986,89
12,9.988,90
12,9.986,91
12,9.982,92
12,9.983,93
12,9.987,94
12,9.98,95
12,9.985,96
12,9.979,97
12,9.986,98
12,9.988,99
12,9.987,100
12,9.978,101
12,9.989,102
12,9.995,103
12,9.989,104
12,9.995,105
12,9.993,106
12,9.987,107
12,9.984,108
12,9.987,109
12,9.988,110
12,9.981,111
12,9.986,112
12,9.974,113
12,9.968,114
12,9.977,115
12,9.973,116
12,9.973,117
12,9.977,118
12,9.978,119
12,9.974,120
12,9.976,121
12,9.971,122
12,9.965,123
12,9.965,124
12,9.964,125
12,9.964,126
12,9.969,127
12,9.973,128
12,9.965,129
12,9.954,130
12,9.958,131
12,9.956,132
12,9.949,133
12,9.952,134
12,9.949,135
12,9.947,136
12,9.945,137
12,9.944,138
12,9.944,139
12,9.946,140
12,9.949,141
12,9.948,142
12,9.947,143
12,9.946,144
12,9.948,145
12,9.951,146
12,9.953,147
12,9.955,148
12,9.962,149
12,9.952,150
12,9.954,151
12,9.957,152
12,9.961,153
12,9.969,154
12,9.969,155
12,9.969,156
12,9.977,157
12,9.975,158
12,9.97,159
12,9.962,160
12,9.955,161
12,9.953,162
12,9.957,163
12,9.94,164
12,9.945,165
12,9.946,166
12,9.945,167
12,9.941,168
12,9.939,169
12,9.935,170
12,9.94,171
12,9.934,172
12,9.919,173
12,9.925,174
12,9.936,175
12,9.94,176
12,9.947,177
12,9.953,178
12,9.943,179
12,9.951,180
12,9.943,181
12,9.94,182
12,9.942,183
12,9.943,184
12,9.923,185
12,9.924,186
12,9.933,187
12,9.93,188
12,9.927,189
12,9.931,190
12,9.916,191
12,9.918,192
12,9.917,193
12,9.912,194
12,9.908,195
12,9.905,196
12,9.904,197
12,9.898,198
12,9.904,199
12,9.903,200
12,9.906,201
12,9.913,202
12,9.91,203
12,9.912,204
12,9.903,205
12,9.891,206
12,9.892,207
12,9.877,208
12,9.875,209
12,9.885,210
12,9.876,211
12,9.872,212
12,9.88,213
12,9.875,214
12,9.866,215
12,9.872,216
12,9.869,217
12,9.847,218
12,9.857,219
12,9.86,220
12,9.855,221
12,9.858,222
12,9.863,223
12,9.855,224
12,9.852,225
12,9.848,226
12,9.836,227
12,9.833,228
12,9.846,229
12,9.851,230
12,9.851,231
12,9.857,232
12,9.844,233
12,9.836,234
12,9.832,235
12,9.839,236
12,9.844,237
12,9.846,238
12,9.852,239
12,9.851,240
12,9.835,241
12,9.83,242
12,9.837,243
12,9.83,244
12,9.827,245
12,9.817,246
12,9.823,247
12,9.822,248
12,9.816,249
12,9.819,250
12,9.81,251
12,9.819,252
12,9.822,253
12,9.828,254
12,9.825,255
12,9.836,256
12,9.845,257
12,9.847,258
12,9.848,259
12,9.856,260
12,9.859,261
12,9.863,262
12,9.859,263
12,9.84,264
12,9.829,265
12,9.823,266
12,9.821,267
12,9.814,268
12,9.824,269
12,9.835,270
12,9.839,271
12,9.834,272
12,9.842,273
12,9.851,274
12,9.867,275
12,9.873,276
12,9.87,277
12,9.856,278
12,9.85,279
12,9.839,280
12,9.848,281
12,9.856,282
12,9.85,283
12,9.821,284
12,9.814,285
12,9.804,286
12,9.785,287
12,9.788,288
12,9.802,289
12,9.812,290
12,9.81,291
12,9.805,292
12,9.806,293
12,9.813,294
12,9.824,295
12,9.828,296
12,9.832,297
12,9.839,298
12,9.836,299
12,9.839,300
12,9.851,301
12,9.849,302
12,9.835,303
12,9.837,304
12,9.83,305
12,9.831,306
12,9.837,307
12,9.844,308
12,9.866,309
12,9.87,310
12,9.871,311
12,9.874,312
12,9.863,313
12,9.866,314
12,9.87,315
12,9.87,316
12,9.876,317
12,9.878,318
12,9.879,319
12,9.876,320
12,9.882,321
12,9.895,322
12,9.891,323
12,9.879,324
12,9.881,325
12,9.869,326
12,9.867,327
12,9.864,328
12,9.857,329
12,9.85,330
12,9.844,331
12,9.851,332
12,9.857,333
12,9.836,334
12,9.832,335
12,9.832,336
12,9.831,337
12,9.827,338
12,9.822,339
12,9.822,340
12,9.83,341
12,9.822,342
12,9.818,343
12,9.826,344
12,9.818,345
12,9.829,346
12,9.835,347
12,9.846,348
12,9.845,349
12,9.84,350
12,9.824,351
12,9.832,352
12,9.838,353
12,9.846,354
12,9.853,355
12,9.849,356
12,9.85,357
12,9.848,358
12,9.862,359
12,9.853,360
12,9.855,361
12,9.848,362
12,9.846,363
12,9.836,364
12,9.837,365
12,9.849,366
12,9.843,367
12,9.845,368
12,9.854,369
12,9.849,370
12,9.847,371
12,9.843,372
12,9.838,373
12,9.85,374
12,9.842,375
12,9.848,376
12,9.85,377
12,9.851,378
12,9.852,379
12,9.847,380
12,9.835,381
12,9.837,382
12,9.834,383
12,9.824,384
12,9.822,385
12,9.809,386
12,9.808,387
12,9.809,388
12,9.809,389
12,9.798,390
12,9.801,391
12,9.792,392
12,9.773,393
12,9.781,394
12,9.778,395
12,9.761,396
12,9.764,397
12,9.763,398
12,9.76,399
12,9.738,400
12,9.738,401
12,9.738,402
12,9.732,403
12,9.737,404
12,9.72,405
12,9.7,406
12,9.695,407
12,9.707,408
12,9.699,409
12,9.696,410
12,9.705,411
12,9.699,412
12,9.714,413
12,9.72,414
12,9.728,415
12,9.721,416
12,9.713,417
12,9.725,418
12,9.735,419
12,9.73,420
12,9.728,421
12,9.723,422
12,9.726,423
12,9.732,424
12,9.726,425
12,9.725,426
12,9.739,427
12,9.732,428
12,9.729,429
12,9.74,430
12,9.733,431
12,9.724,432
12,9.722,433
12,9.724,434
12,9.728,435
12,9.728,436
12,9.736,437
12,9.732,438
12,9.728,439
12,9.737,440
12,9.74,441
12,9.735,442
12,9.736,443
12,9.753,444
12,9.753,445
12,9.767,446
12,9.752,447
12,9.751,448
12,9.739,449
12,9.745,450
12,9.731,451
12,9.712,452
12,9.74,453
12,9.742,454
12,9.766,455
12,9.76,456
12,9.761,457
12,9.759,458
12,9.771,459
12,9.762,460
12,9.763,461
12,9.758,462
12,9.753,463
12,9.755,464
12,9.749,465
12,9.739,466
12,9.735,467
12,9.747,468
12,9.756,469
12,9.763,470
12,9.757,471
12,9.744,472
12,9.735,473
12,9.731,474
12,9.73,475
12,9.732,476
12,9.753,477
12,9.735,478
12,9.718,479
12,9.723,480
12,9.711,481
12,9.72,482
12,9.73,483
12,9.734,484
12,9.735,485
12,9.742,486
12,9.738,487
12,9.739,488
12,9.735,489
12,9.737,490
12,9.729,491
12,9.728,492
12,9.734,493
12,9.739,494
12,9.757,495
12,9.756,496
12,9.765,497
12,9.769,498
12,9.76,499
12,9.779,500
13,5,1
13,6,2
13,7,3
13,8,4
13,9,5
13,10,6
13,10,7
13,10,8
13,10,9
13,9.685,10
13,9.37,11
13,9.055,12
13,8.74,13
13,8.425,14
13,8.11,15
13,8.425,16
13,8.74,17
13,9.055,18
13,9.37,19
13,9.622,20
13,9.288,21
13,8.954,22
13,8.62,23
13,8.286,24
13,7.952,25
13,8.286,26
13,8.62,27
13,8.954,28
13,9.288,29
13,9.58,30
13,9.289,31
13,8.958,32
13,8.627,33
13,8.296,34
13,7.965,35
13,8.296,36
13,8.627,37
13,8.958,38
13,9.289,39
13,9.6,40
13,9.335,41
13,9.032,42
13,8.725,43
13,8.418,44
13,8.111,45
13,8.418,46
13,8.725,47
13,9.032,48
13,9.339,49
13,9.59,50
13,9.314,51
13,8.999,52
13,8.681,53
13,8.363,54
13,8.045,55
13,8.363,56
13,8.681,57
13,8.999,58
13,9.317,59
13,9.578,60
13,9.281,61
13,8.942,62
13,8.601,63
13,8.26,64
13,7.919,65
13,8.26,66
13,8.601,67
13,8.942,68
13,9.283,69
13,9.608,70
13,9.324,71
13,9.008,72
13,8.691,73
13,8.374,74
13,8.057,75
13,8.374,76
13,8.691,77
13,9.008,78
13,9.325,79
13,9.608,80
13,9.338,81
13,9.031,82
13,8.723,83
13,8.415,84
13,8.107,85
13,8.415,86
13,8.723,87
13,9.031,88
13,9.339,89
13,9.569,90
13,9.271,91
13,8.934,92
13,8.595,93
13,8.256,94
13,7.917,95
13,8.256,96
13,8.595,97
13,8.934,98
13,9.273,99
13,9.618,100
13,9.365,101
13,9.074,102
13,8.782,103
13,8.49,104
13,8.198,105
13,8.49,106
13,8.782,107
13,9.074,108
13,9.366,109
13,9.596,110
13,9.31,111
13,8.991,112
13,8.665,113
13,8.338,114
13,8.011,115
13,8.338,116
13,8.665,117
13,8.992,118
13,9.319,119
13,9.606,120
13,9.302,121
13,8.972,122
13,8.642,123
13,8.312,124
13,7.982,125
13,8.312,126
13,8.642,127
13,8.972,128
13,9.302,129
13,9.631,130
13,9.373,131
13,9.081,132
13,8.788,133
13,8.495,134
13,8.202,135
13,8.495,136
13,8.788,137
13,9.081,138
13,9.374,139
13,9.581,140
13,9.268,141
13,8.921,142
13,8.572,143
13,8.223,144
13,7.874,145
13,8.223,146
13,8.572,147
13,8.921,148
13,9.27,149
13,9.629,150
13,9.357,151
13,9.059,152
13,8.759,153
13,8.459,154
13,8.159,155
13,8.459,156
13,8.759,157
13,9.059,158
13,9.359,159
13,9.579,160
13,9.285,161
13,8.954,162
13,8.621,163
13,8.288,164
13,7.955,165
13,8.288,166
13,8.621,167
13,8.954,168
13,9.287,169
13,9.62,170
13,9.368,171
13,9.07,172
13,8.772,173
13,8.474,174
13,8.176,175
13,8.474,176
13,8.772,177
13,9.07,178
13,9.368,179
13,9.606,180
13,9.312,181
13,8.985,182
13,8.657,183
13,8.329,184
13,8.001,185
13,8.329,186
13,8.657,187
13,8.985,188
13,9.313,189
13,9.645,190
13,9.383,191
13,9.093,192
13,8.802,193
13,8.511,194
13,8.22,195
13,8.511,196
13,8.802,197
13,9.093,198
13,9.384,199
13,9.593,200
13,9.282,201
13,8.94,202
13,8.597,203
13,8.254,204
13,7.911,205
13,8.254,206
13,8.597,207
13,8.94,208
13,9.283,209
13,9.607,210
13,9.319,211
13,9.003,212
13,8.686,213
13,8.369,214
13,8.052,215
13,8.369,216
13,8.686,217
13,9.003,218
13,9.32,219
13,9.603,220
13,9.337,221
13,9.029,222
13,8.72,223
13,8.411,224
13,8.102,225
13,8.411,226
13,8.72,227
13,9.029,228
13,9.338,229
13,9.589,230
13,9.292,231
13,8.956,232
13,8.618,233
13,8.28,234
13,7.942,235
13,8.28,236
13,8.618,237
13,8.956,238
13,9.294,239
13,9.615,240
13,9.332,241
13,9.021,242
13,8.709,243
13,8.397,244
13,8.085,245
13,8.397,246
13,8.709,247
13,9.021,248
13,9.333,249
13,9.566,250
13,9.258,251
13,8.908,252
13,8.558,253
13,8.208,254
13,7.858,255
13,8.208,256
13,8.558,257
13,8.908,258
13,9.258,259
13,9.596,260
13,9.321,261
13,9.006,262
13,8.69,263
13,8.374,264
13,8.058,265
13,8.374,266
13,8.69,267
13,9.006,268
13,9.322,269
13,9.599,270
13,9.325,271
13,9.006,272
13,8.687,273
13,8.368,274
13,8.049,275
13,8.368,276
13,8.687,277
13,9.006,278
13,9.325,279
13,9.621,280
13,9.346,281
13,9.037,282
13,8.727,283
13,8.417,284
13,8.107,285
13,8.417,286
13,8.727,287
13,9.037,288
13,9.347,289
13,9.603,290
13,9.314,291
13,8.997,292
13,8.679,293
13,8.361,294
13,8.043,295
13,8.361,296
13,8.679,297
13,8.997,298
13,9.315,299
13,9.586,300
13,9.305,301
13,8.983,302
13,8.658,303
13,8.333,304
13,8.008,305
13,8.333,306
13,8.658,307
13,8.983,308
13,9.308,309
13,9.607,310
13,9.33,311
13,9.018,312
13,8.704,313
13,8.39,314
13,8.076,315
13,8.39,316
13,8.704,317
13,9.018,318
13,9.332,319
13,9.617,320
13,9.344,321
13,9.037,322
13,8.727,323
13,8.417,324
13,8.107,325
13,8.417,326
13,8.727,327
13,9.037,328
13,9.347,329
13,9.592,330
13,9.289,331
13,8.954,332
13,8.619,333
13,8.284,334
13,7.949,335
13,8.284,336
13,8.619,337
13,8.954,338
13,9.289,339
13,9.616,340
13,9.345,341
13,9.037,342
13,8.728,343
13,8.419,344
13,8.11,345
13,8.419,346
13,8.728,347
13,9.037,348
13,9.346,349
13,9.633,350
13,9.363,351
13,9.063,352
13,8.762,353
13,8.461,354
13,8.16,355
13,8.461,356
13,8.762,357
13,9.063,358
13,9.364,359
13,9.598,360
13,9.294,361
13,8.964,362
13,8.632,363
13,8.299,364
13,7.966,365
13,8.299,366
13,8.632,367
13,8.965,368
13,9.298,369
13,9.578,370
13,9.267,371
13,8.924,372
13,8.58,373
13,8.236,374
13,7.892,375
13,8.236,376
13,8.58,377
13,8.924,378
13,9.268,379
13,9.6,380
13,9.331,381
13,9.025,382
13,8.717,383
13,8.409,384
13,8.101,385
13,8.409,386
13,8.717,387
13,9.025,388
13,9.333,389
13,9.608,390
13,9.347,391
13,9.042,392
13,8.734,393
13,8.426,394
13,8.118,395
13,8.426,396
13,8.734,397
13,9.042,398
13,9.35,399
13,9.618,400
13,9.326,401
13,9.005,402
13,8.683,403
13,8.361,404
13,8.039,405
13,8.361,406
13,8.683,407
13,9.005,408
13,9.327,409
13,9.602,410
13,9.299,411
13,8.974,412
13,8.646,413
13,8.318,414
13,7.99,415
13,8.318,416
13,8.646,417
13,8.974,418
13,9.302,419
13,9.603,420
13,9.329,421
13,9.016,422
13,8.702,423
13,8.388,424
13,8.074,425
13,8.388,426
13,8.702,427
13,9.016,428
13,9.33,429
13,9.592,430
13,9.301,431
13,8.971,432
13,8.64,433
13,8.309,434
13,7.978,435
13,8.309,436
13,8.64,437
13,8.971,438
13,9.302,439
13,9.622,440
13,9.353,441
13,9.051,442
13,8.748,443
13,8.445,444
13,8.142,445
13,8.445,446
13,8.748,447
13,9.051,448
13,9.354,449
13,9.574,450
13,9.266,451
13,8.923,452
13,8.579,453
13,8.235,454
13,7.891,455
13,8.235,456
13,8.579,457
13,8.923,458
13,9.267,459
13,9.59,460
13,9.308,461
13,8.988,462
13,8.665,463
13,8.342,464
13,8.019,465
13,8.342,466
13,8.665,467
13,8.988,468
13,9.311,469
13,9.598,470
13,9.326,471
13,9.015,472
13,8.703,473
13,8.391,474
13,8.079,475
13,8.391,476
13,8.703,477
13,9.015,478
13,9.327,479
13,9.585,480
13,9.297,481
13,8.967,482
13,8.635,483
13,8.303,484
13,7.971,485
13,8.303,486
13,8.635,487
13,8.967,488
13,9.299,489
13,9.592,490
13,9.296,491
13,8.97,492
13,8.641,493
13,8.312,494
13,7.983,495
13,8.312,496
13,8.641,497
13,8.97,498
13,9.299,499
13,9.6,500
14,5,1
14,5.545,2
14,6.165,3
14,6.787,4
14,7.508,5
14,8.19,6
14,8.636,7
14,8.945,8
14,9.154,9
14,9.05,10
14,8.838,11
14,8.634,12
14,8.461,13
14,8.314,14
14,8.178,15
14,8.122,16
14,8.146,17
14,8.243,18
14,8.411,19
14,8.472,20
14,8.367,21
14,8.239,22
14,8.131,23
14,8.024,24
14,7.929,25
14,7.887,26
14,7.985,27
14,8.101,28
14,8.305,29
14,8.413,30
14,8.331,31
14,8.22,32
14,8.13,33
14,8.041,34
14,7.938,35
14,7.953,36
14,8.013,37
14,8.158,38
14,8.307,39
14,8.43,40
14,8.315,41
14,8.187,42
14,8.071,43
14,7.956,44
14,7.9,45
14,7.929,46
14,8.024,47
14,8.163,48
14,8.333,49
14,8.395,50
14,8.229,51
14,8.078,52
14,7.919,53
14,7.796,54
14,7.7,55
14,7.701,56
14,7.762,57
14,7.932,58
14,8.093,59
14,8.2,60
14,8.094,61
14,7.965,62
14,7.851,63
14,7.757,64
14,7.645,65
14,7.698,66
14,7.813,67
14,7.999,68
14,8.194,69
14,8.268,70
14,8.157,71
14,8.031,72
14,7.934,73
14,7.842,74
14,7.784,75
14,7.799,76
14,7.929,77
14,8.093,78
14,8.274,79
14,8.281,80
14,8.122,81
14,7.984,82
14,7.812,83
14,7.705,84
14,7.67,85
14,7.69,86
14,7.814,87
14,7.982,88
14,8.157,89
14,8.22,90
14,8.093,91
14,7.954,92
14,7.811,93
14,7.739,94
14,7.689,95
14,7.742,96
14,7.885,97
14,8.08,98
14,8.286,99
14,8.257,100
14,8.062,101
14,7.892,102
14,7.744,103
14,7.656,104
14,7.609,105
14,7.647,106
14,7.77,107
14,7.973,108
14,8.174,109
14,8.248,110
14,8.068,111
14,7.896,112
14,7.743,113
14,7.633,114
14,7.598,115
14,7.694,116
14,7.803,117
14,7.992,118
14,8.169,119
14,8.18,120
14,7.992,121
14,7.802,122
14,7.684,123
14,7.608,124
14,7.591,125
14,7.685,126
14,7.798,127
14,7.974,128
14,8.187,129
14,8.231,130
14,8.093,131
14,7.908,132
14,7.764,133
14,7.655,134
14,7.673,135
14,7.707,136
14,7.883,137
14,8.034,138
14,8.199,139
14,8.227,140
14,8.026,141
14,7.829,142
14,7.676,143
14,7.606,144
14,7.594,145
14,7.66,146
14,7.794,147
14,7.996,148
14,8.195,149
14,8.229,150
14,8.066,151
14,7.946,152
14,7.825,153
14,7.79,154
14,7.768,155
14,7.848,156
14,7.995,157
14,8.144,158
14,8.318,159
14,8.293,160
14,8.069,161
14,7.836,162
14,7.662,163
14,7.597,164
14,7.555,165
14,7.636,166
14,7.792,167
14,7.965,168
14,8.161,169
14,8.137,170
14,7.955,171
14,7.765,172
14,7.617,173
14,7.531,174
14,7.555,175
14,7.621,176
14,7.794,177
14,7.974,178
14,8.147,179
14,8.112,180
14,7.9,181
14,7.724,182
14,7.541,183
14,7.391,184
14,7.431,185
14,7.473,186
14,7.68,187
14,7.85,188
14,7.987,189
14,7.987,190
14,7.824,191
14,7.649,192
14,7.538,193
14,7.485,194
14,7.444,195
14,7.547,196
14,7.71,197
14,7.906,198
14,8.069,199
14,8.099,200
14,7.929,201
14,7.744,202
14,7.648,203
14,7.574,204
14,7.569,205
14,7.688,206
14,7.807,207
14,8.051,208
14,8.243,209
14,8.24,210
14,8.025,211
14,7.816,212
14,7.682,213
14,7.58,214
14,7.604,215
14,7.671,216
14,7.86,217
14,8.036,218
14,8.228,219
14,8.188,220
14,7.975,221
14,7.739,222
14,7.558,223
14,7.45,224
14,7.454,225
14,7.595,226
14,7.784,227
14,7.948,228
14,8.108,229
14,8.084,230
14,7.88,231
14,7.693,232
14,7.579,233
14,7.535,234
14,7.535,235
14,7.572,236
14,7.754,237
14,7.947,238
14,8.094,239
14,8.048,240
14,7.874,241
14,7.623,242
14,7.5,243
14,7.446,244
14,7.454,245
14,7.575,246
14,7.781,247
14,7.964,248
14,8.141,249
14,8.081,250
14,7.854,251
14,7.661,252
14,7.502,253
14,7.417,254
14,7.44,255
14,7.534,256
14,7.761,257
14,7.964,258
14,8.128,259
14,8.106,260
14,7.879,261
14,7.69,262
14,7.576,263
14,7.514,264
14,7.503,265
14,7.56,266
14,7.731,267
14,7.907,268
14,8.077,269
14,8.074,270
14,7.871,271
14,7.679,272
14,7.556,273
14,7.465,274
14,7.5,275
14,7.607,276
14,7.789,277
14,7.947,278
14,8.115,279
14,8.088,280
14,7.883,281
14,7.669,282
14,7.526,283
14,7.465,284
14,7.488,285
14,7.569,286
14,7.725,287
14,7.922,288
14,8.102,289
14,8.066,290
14,7.857,291
14,7.654,292
14,7.495,293
14,7.409,294
14,7.442,295
14,7.496,296
14,7.682,297
14,7.854,298
14,8.035,299
14,8.048,300
14,7.868,301
14,7.702,302
14,7.578,303
14,7.508,304
14,7.565,305
14,7.718,306
14,7.901,307
14,8.093,308
14,8.254,309
14,8.198,310
14,7.901,311
14,7.717,312
14,7.545,313
14,7.43,314
14,7.467,315
14,7.561,316
14,7.761,317
14,7.911,318
14,8.06,319
14,8.05,320
14,7.885,321
14,7.734,322
14,7.594,323
14,7.489,324
14,7.538,325
14,7.651,326
14,7.826,327
14,7.981,328
14,8.146,329
14,8.125,330
14,7.936,331
14,7.72,332
14,7.546,333
14,7.465,334
14,7.487,335
14,7.579,336
14,7.786,337
14,7.994,338
14,8.135,339
14,8.076,340
14,7.841,341
14,7.65,342
14,7.532,343
14,7.41,344
14,7.447,345
14,7.526,346
14,7.719,347
14,7.904,348
14,8.029,349
14,8.032,350
14,7.82,351
14,7.633,352
14,7.47,353
14,7.462,354
14,7.506,355
14,7.628,356
14,7.805,357
14,7.966,358
14,8.111,359
14,8.08,360
14,7.827,361
14,7.61,362
14,7.429,363
14,7.356,364
14,7.36,365
14,7.481,366
14,7.666,367
14,7.86,368
14,7.998,369
14,7.997,370
14,7.812,371
14,7.613,372
14,7.447,373
14,7.354,374
14,7.385,375
14,7.444,376
14,7.658,377
14,7.872,378
14,7.967,379
14,7.945,380
14,7.702,381
14,7.478,382
14,7.301,383
14,7.272,384
14,7.329,385
14,7.397,386
14,7.55,387
14,7.773,388
14,7.908,389
14,7.892,390
14,7.684,391
14,7.51,392
14,7.386,393
14,7.338,394
14,7.382,395
14,7.516,396
14,7.705,397
14,7.88,398
14,8.031,399
14,8.016,400
14,7.795,401
14,7.556,402
14,7.348,403
14,7.239,404
14,7.325,405
14,7.454,406
14,7.681,407
14,7.878,408
14,7.994,409
14,7.96,410
14,7.717,411
14,7.558,412
14,7.418,413
14,7.389,414
14,7.45,415
14,7.617,416
14,7.772,417
14,7.949,418
14,8.093,419
14,8.043,420
14,7.793,421
14,7.561,422
14,7.424,423
14,7.398,424
14,7.443,425
14,7.526,426
14,7.72,427
14,7.94,428
14,8.086,429
14,8.045,430
14,7.83,431
14,7.597,432
14,7.484,433
14,7.399,434
14,7.431,435
14,7.501,436
14,7.71,437
14,7.893,438
14,8.03,439
14,7.99,440
14,7.763,441
14,7.597,442
14,7.471,443
14,7.414,444
14,7.438,445
14,7.548,446
14,7.735,447
14,7.96,448
14,8.126,449
14,8.087,450
14,7.876,451
14,7.7,452
14,7.549,453
14,7.573,454
14,7.57,455
14,7.689,456
14,7.863,457
14,8.017,458
14,8.191,459
14,8.115,460
14,7.895,461
14,7.676,462
14,7.561,463
14,7.484,464
14,7.511,465
14,7.636,466
14,7.858,467
14,8.004,468
14,8.161,469
14,8.099,470
14,7.866,471
14,7.661,472
14,7.49,473
14,7.393,474
14,7.433,475
14,7.518,476
14,7.653,477
14,7.861,478
14,7.996,479
14,7.941,480
14,7.718,481
14,7.543,482
14,7.393,483
14,7.32,484
14,7.368,485
14,7.494,486
14,7.695,487
14,7.887,488
14,7.975,489
14,7.946,490
14,7.785,491
14,7.538,492
14,7.405,493
14,7.349,494
14,7.389,495
14,7.529,496
14,7.716,497
14,7.89,498
14,8.024,499
14,7.975,500
15,5,1
15,6,2
15,7,3
15,8,4
15,9,5
15,10,6
15,10,7
15,10,8
15,10,9
15,10,10
15,10,11
15,10,12
15,10,13
15,10,14
15,10,15
15,10,16
15,10,17
15,10,18
15,10,19
15,10,20
15,10,21
15,10,22
15,10,23
15,10,24
15,10,25
15,10,26
15,10,27
15,10,28
15,10,29
15,10,30
15,10,31
15,10,32
15,10,33
15,10,34
15,10,35
15,10,36
15,10,37
15,10,38
15,10,39
15,10,40
15,10,41
15,10,42
15,10,43
15,10,44
15,10,45
15,10,46
15,10,47
15,10,48
15,10,49
15,10,50
15,10,51
15,10,52
15,10,53
15,10,54
15,10,55
15,10,56
15,10,57
15,10,58
15,10,59
15,10,60
15,10,61
15,10,62
15,10,63
15,10,64
15,10,65
15,10,66
15,10,67
15,10,68
15,10,69
15,10,70
15,10,71
15,10,72
15,10,73
15,10,74
15,10,75
15,10,76
15,10,77
15,10,78
15,10,79
15,10,80
15,10,81
15,10,82
15,10,83
15,10,84
15,10,85
15,10,86
15,10,87
15,10,88
15,10,89
15,10,90
15,10,91
15,10,92
15,10,93
15,10,94
15,10,95
15,10,96
15,10,97
15,10,98
15,10,99
15,10,100
15,10,101
15,10,102
15,10,103
15,10,104
15,10,105
15,10,106
15,10,107
15,10,108
15,10,109
15,10,110
15,10,111
15,10,112
15,10,113
15,10,114
15,10,115
15,10,116
15,10,117
15,10,118
15,10,119
15,10,120
15,10,121
15,10,122
15,10,123
15,10,124
15,10,125
15,10,126
15,10,127
15,10,128
15,10,129
15,10,130
15,10,131
15,10,132
15,10,133
15,10,134
15,10,135
15,10,136
15,10,137
15,10,138
15,10,139
15,10,140
15,10,141
15,10,142
15,10,143
15,10,144
15,10,145
15,10,146
15,10,147
15,10,148
15,10,149
15,10,150
15,10,151
15,10,152
15,10,153
15,10,154
15,10,155
15,10,156
15,10,157
15,10,158
15,10,159
15,10,160
15,10,161
15,10,162
15,10,163
15,10,164
15,10,165
15,10,166
15,10,167
15,10,168
15,10,169
15,10,170
15,10,171
15,10,172
15,10,173
15,10,174
15,10,175
15,10,176
15,10,177
15,10,178
15,10,179
15,10,180
15,10,181
15,10,182
15,10,183
15,10,184
15,10,185
15,10,186
15,10,187
15,10,188
15,10,189
15,10,190
15,10,191
15,10,192
15,10,193
15,10,194
15,10,195
15,10,196
15,10,197
15,10,198
15,10,199
15,10,200
15,10,201
15,10,202
15,10,203
15,10,204
15,10,205
15,10,206
15,10,207
15,10,208
15,10,209
15,10,210
15,10,211
15,10,212
15,10,213
15,10,214
15,10,215
15,10,216
15,10,217
15,10,218
15,10,219
15,10,220
15,10,221
15,10,222
15,10,223
15,10,224
15,10,225
15,10,226
15,10,227
15,10,228
15,10,229
15,10,230
15,10,231
15,10,232
15,10,233
15,10,234
15,10,235
15,10,236
15,10,237
15,10,238
15,10,239
15,10,240
15,10,241
15,10,242
15,10,243
15,10,244
15,10,245
15,10,246
15,10,247
15,10,248
15,10,249
15,10,250
15,10,251
15,10,252
15,10,253
15,10,254
15,10,255
15,10,256
15,10,257
15,10,258
15,10,259
15,10,260
15,10,261
15,10,262
15,10,263
15,10,264
15,10,265
15,10,266
15,10,267
15,10,268
15,10,269
15,10,270
15,10,271
15,10,272
15,10,273
15,10,274
15,10,275
15,10,276
15,10,277
15,10,278
15,10,279
15,10,280
15,10,281
15,10,282
15,10,283
15,10,284
15,10,285
15,10,286
15,10,287
15,10,288
15,10,289
15,10,290
15,10,291
15,10,292
15,10,293
15,10,294
15,10,295
15,10,296
15,10,297
15,10,298
15,10,299
15,10,300
15,10,301
15,10,302
15,10,303
15,10,304
15,10,305
15,10,306
15,10,307
15,10,308
15,10,309
15,10,310
15,10,311
15,10,312
15,10,313
15,10,314
15,10,315
15,10,316
15,10,317
15,10,318
15,10,319
15,10,320
15,10,321
15,10,322
15,10,323
15,10,324
15,10,325
15,10,326
15,10,327
15,10,328
15,10,329
15,10,330
15,10,331
15,10,332
15,10,333
15,10,334
15,10,335
15,10,336
15,10,337
15,10,338
15,10,339
15,10,340
15,10,341
15,10,342
15,10,343
15,10,344
15,10,345
15,10,346
15,10,347
15,10,348
15,10,349
15,10,350
15,10,351
15,10,352
15,10,353
15,10,354
15,10,355
15,10,356
15,10,357
15,10,358
15,10,359
15,10,360
15,10,361
15,10,362
15,10,363
15,10,364
15,10,365
15,10,366
15,10,367
15,10,368
15,10,369
15,10,370
15,10,371
15,10,372
15,10,373
15,10,374
15,10,375
15,10,376
15,10,377
15,10,378
15,10,379
15,10,380
15,10,381
15,10,382
15,10,383
15,10,384
15,10,385
15,10,386
15,10,387
15,10,388
15,10,389
15,10,390
15,10,391
15,10,392
15,10,393
15,10,394
15,10,395
15,10,396
15,10,397
15,10,398
15,10,399
15,10,400
15,10,401
15,10,402
15,10,403
15,10,404
15,10,405
15,10,406
15,10,407
15,10,408
15,10,409
15,10,410
15,10,411
15,10,412
15,10,413
15,10,414
15,10,415
15,10,416
15,10,417
15,10,418
15,10,419
15,10,420
15,10,421
15,10,422
15,10,423
15,10,424
15,10,425
15,10,426
15,10,427
15,10,428
15,10,429
15,10,430
15,10,431
15,10,432
15,10,433
15,10,434
15,10,435
15,10,436
15,10,437
15,10,438
15,10,439
15,10,440
15,10,441
15,10,442
15,10,443
15,10,444
15,10,445
15,10,446
15,10,447
15,10,448
15,10,449
15,10,450
15,10,451
15,10,452
15,10,453
15,10,454
15,10,455
15,10,456
15,10,457
15,10,458
15,10,459
15,10,460
15,10,461
15,10,462
15,10,463
15,10,464
15,10,465
15,10,466
15,10,467
15,10,468
15,10,469
15,10,470
15,10,471
15,10,472
15,10,473
15,10,474
15,10,475
15,10,476
15,10,477
15,10,478
15,10,479
15,10,480
15,10,481
15,10,482
15,10,483
15,10,484
15,10,485
15,10,486
15,10,487
15,10,488
15,10,489
15,10,490
15,10,491
15,10,492
15,10,493
15,10,494
15,10,495
15,10,496
15,10,497
15,10,498
15,10,499
15,10,500
2,5,1
2,5.169,2
2,5.391,3
2,5.677,4
2,6.007,5
2,6.362,6
2,6.557,7
2,6.649,8
2,6.673,9
2,6.676,10
2,6.737,11
2,6.83,12
2,6.845,13
2,6.883,14
2,6.996,15
2,7.122,16
2,7.204,17
2,7.264,18
2,7.349,19
2,7.405,20
2,7.444,21
2,7.52,22
2,7.569,23
2,7.651,24
2,7.689,25
2,7.736,26
2,7.767,27
2,7.802,28
2,7.816,29
2,7.866,30
2,7.906,31
2,7.944,32
2,7.99,33
2,8.009,34
2,8.047,35
2,8.086,36
2,8.079,37
2,8.064,38
2,8.039,39
2,8.022,40
2,8.068,41
2,8.096,42
2,8.112,43
2,8.107,44
2,8.132,45
2,8.123,46
2,8.224,47
2,8.22,48
2,8.228,49
2,8.207,50
2,8.221,51
2,8.237,52
2,8.262,53
2,8.305,54
2,8.328,55
2,8.279,56
2,8.327,57
2,8.348,58
2,8.371,59
2,8.361,60
2,8.396,61
2,8.377,62
2,8.368,63
2,8.375,64
2,8.399,65
2,8.397,66
2,8.421,67
2,8.419,68
2,8.453,69
2,8.454,70
2,8.433,71
2,8.417,72
2,8.46,73
2,8.468,74
2,8.434,75
2,8.406,76
2,8.41,77
2,8.416,78
2,8.393,79
2,8.389,80
2,8.374,81
2,8.394,82
2,8.42,83
2,8.398,84
2,8.41,85
2,8.418,86
2,8.391,87
2,8.406,88
2,8.44,89
2,8.409,90
2,8.4,91
2,8.429,92
2,8.447,93
2,8.464,94
2,8.498,95
2,8.47,96
2,8.463,97
2,8.466,98
2,8.508,99
2,8.5,100
2,8.502,101
2,8.504,102
2,8.491,103
2,8.461,104
2,8.465,105
2,8.473,106
2,8.472,107
2,8.497,108
2,8.446,109
2,8.457,110
2,8.445,111
2,8.466,112
2,8.384,113
2,8.356,114
2,8.355,115
2,8.361,116
2,8.389,117
2,8.396,118
2,8.394,119
2,8.368,120
2,8.333,121
2,8.369,122
2,8.372,123
2,8.35,124
2,8.341,125
2,8.349,126
2,8.322,127
2,8.33,128
2,8.325,129
2,8.318,130
2,8.334,131
2,8.346,132
2,8.352,133
2,8.353,134
2,8.399,135
2,8.394,136
2,8.41,137
2,8.352,138
2,8.358,139
2,8.37,140
2,8.368,141
2,8.374,142
2,8.374,143
2,8.345,144
2,8.315,145
2,8.36,146
2,8.367,147
2,8.386,148
2,8.369,149
2,8.361,150
2,8.33,151
2,8.326,152
2,8.372,153
2,8.389,154
2,8.416,155
2,8.392,156
2,8.428,157
2,8.413,158
2,8.415,159
2,8.413,160
2,8.389,161
2,8.325,162
2,8.336,163
2,8.309,164
2,8.276,165
2,8.293,166
2,8.327,167
2,8.344,168
2,8.327,169
2,8.312,170
2,8.255,171
2,8.24,172
2,8.222,173
2,8.283,174
2,8.33,175
2,8.323,176
2,8.359,177
2,8.36,178
2,8.302,179
2,8.283,180
2,8.287,181
2,8.255,182
2,8.281,183
2,8.315,184
2,8.334,185
2,8.291,186
2,8.325,187
2,8.305,188
2,8.304,189
2,8.314,190
2,8.333,191
2,8.339,192
2,8.312,193
2,8.327,194
2,8.316,195
2,8.297,196
2,8.279,197
2,8.303,198
2,8.302,199
2,8.244,200
2,8.235,201
2,8.205,202
2,8.209,203
2,8.199,204
2,8.243,205
2,8.216,206
2,8.238,207
2,8.209,208
2,8.181,209
2,8.197,210
2,8.226,211
2,8.212,212
2,8.205,213
2,8.2,214
2,8.228,215
2,8.212,216
2,8.228,217
2,8.22,218
2,8.251,219
2,8.239,220
2,8.233,221
2,8.187,222
2,8.204,223
2,8.183,224
2,8.19,225
2,8.166,226
2,8.149,227
2,8.175,228
2,8.236,229
2,8.271,230
2,8.248,231
2,8.221,232
2,8.253,233
2,8.216,234
2,8.26,235
2,8.252,236
2,8.265,237
2,8.239,238
2,8.219,239
2,8.26,240
2,8.295,241
2,8.301,242
2,8.296,243
2,8.315,244
2,8.304,245
2,8.302,246
2,8.32,247
2,8.3,248
2,8.269,249
2,8.27,250
2,8.286,251
2,8.259,252
2,8.24,253
2,8.227,254
2,8.256,255
2,8.239,256
2,8.268,257
2,8.25,258
2,8.237,259
2,8.237,260
2,8.283,261
2,8.288,262
2,8.275,263
2,8.34,264
2,8.292,265
2,8.301,266
2,8.238,267
2,8.228,268
2,8.215,269
2,8.18,270
2,8.193,271
2,8.153,272
2,8.146,273
2,8.105,274
2,8.102,275
2,8.056,276
2,8.062,277
2,8.087,278
2,8.11,279
2,8.091,280
2,8.067,281
2,8.057,282
2,8.031,283
2,8.009,284
2,8.049,285
2,8.05,286
2,8.059,287
2,8.052,288
2,8.077,289
2,8.099,290
2,8.071,291
2,8.115,292
2,8.124,293
2,8.079,294
2,8.077,295
2,8.068,296
2,8.052,297
2,8.088,298
2,8.05,299
2,8.066,300
2,8.051,301
2,8.123,302
2,8.101,303
2,8.101,304
2,8.114,305
2,8.162,306
2,8.122,307
2,8.11,308
2,8.129,309
2,8.15,310
2,8.134,311
2,8.137,312
2,8.131,313
2,8.119,314
2,8.102,315
2,8.087,316
2,8.079,317
2,8.091,318
2,8.14,319
2,8.116,320
2,8.091,321
2,8.062,322
2,8.079,323
2,8.057,324
2,8.047,325
2,8.021,326
2,8.04,327
2,8.015,328
2,8.03,329
2,7.981,330
2,7.999,331
2,7.995,332
2,7.992,333
2,7.977,334
2,7.986,335
2,8.007,336
2,8.041,337
2,8.076,338
2,8.024,339
2,8.054,340
2,8.061,341
2,8.089,342
2,8.087,343
2,8.08,344
2,8.027,345
2,8.011,346
2,8.032,347
2,8.032,348
2,8.01,349
2,8.017,350
2,8.039,351
2,8.019,352
2,8.022,353
2,8.04,354
2,8.026,355
2,8.006,356
2,8.03,357
2,8.036,358
2,8.016,359
2,7.947,360
2,7.982,361
2,7.957,362
2,7.934,363
2,7.93,364
2,7.933,365
2,7.907,366
2,7.901,367
2,7.902,368
2,7.876,369
2,7.884,370
2,7.896,371
2,7.832,372
2,7.852,373
2,7.853,374
2,7.874,375
2,7.863,376
2,7.869,377
2,7.863,378
2,7.885,379
2,7.892,380
2,7.943,381
2,7.937,382
2,7.949,383
2,7.901,384
2,7.914,385
2,7.902,386
2,7.888,387
2,7.85,388
2,7.848,389
2,7.863,390
2,7.855,391
2,7.837,392
2,7.802,393
2,7.815,394
2,7.757,395
2,7.735,396
2,7.736,397
2,7.743,398
2,7.753,399
2,7.774,400
2,7.805,401
2,7.832,402
2,7.853,403
2,7.877,404
2,7.854,405
2,7.877,406
2,7.901,407
2,7.88,408
2,7.901,409
2,7.92,410
2,7.859,411
2,7.866,412
2,7.845,413
2,7.847,414
2,7.818,415
2,7.837,416
2,7.852,417
2,7.901,418
2,7.845,419
2,7.855,420
2,7.856,421
2,7.827,422
2,7.85,423
2,7.896,424
2,7.884,425
2,7.947,426
2,7.952,427
2,7.974,428
2,7.965,429
2,7.943,430
2,7.912,431
2,7.866,432
2,7.885,433
2,7.86,434
2,7.859,435
2,7.817,436
2,7.79,437
2,7.811,438
2,7.816,439
2,7.827,440
2,7.881,441
2,7.868,442
2,7.869,443
2,7.845,444
2,7.847,445
2,7.835,446
2,7.851,447
2,7.832,448
2,7.837,449
2,7.881,450
2,7.946,451
2,7.993,452
2,7.982,453
2,7.953,454
2,7.91,455
2,7.929,456
2,7.907,457
2,7.923,458
2,7.998,459
2,7.99,460
2,7.978,461
2,7.971,462
2,7.97,463
2,7.962,464
2,7.963,465
2,7.998,466
2,8.007,467
2,7.997,468
2,8.007,469
2,8.025,470
2,7.993,471
2,8.004,472
2,8.006,473
2,8.03,474
2,8.035,475
2,7.993,476
2,7.963,477
2,7.984,478
2,7.959,479
2,7.967,480
2,7.981,481
2,7.968,482
2,8.014,483
2,8.023,484
2,8.024,485
2,8.007,486
2,7.984,487
2,7.994,488
2,7.986,489
2,7.94,490
2,7.953,491
2,7.952,492
2,7.997,493
2,7.985,494
2,7.907,495
2,7.887,496
2,7.891,497
2,7.943,498
2,7.919,499
2,7.892,500
3,5,1
3,4,2
3,3.556,3
3,3.329,4
3,3.158,5
3,3.107,6
3,3.097,7
3,3.075,8
3,3.126,9
3,3.245,10
3,3.299,11
3,3.379,12
3,3.503,13
3,3.605,14
3,3.746,15
3,3.898,16
3,4.019,17
3,4.11,18
3,4.192,19
3,4.246,20
3,4.36,21
3,4.442,22
3,4.596,23
3,4.631,24
3,4.682,25
3,4.725,26
3,4.768,27
3,4.814,28
3,4.869,29
3,4.908,30
3,4.958,31
3,4.969,32
3,5.002,33
3,5.08,34
3,5.107,35
3,5.109,36
3,5.131,37
3,5.144,38
3,5.142,39
3,5.175,40
3,5.173,41
3,5.16,42
3,5.215,43
3,5.231,44
3,5.322,45
3,5.353,46
3,5.399,47
3,5.342,48
3,5.296,49
3,5.317,50
3,5.316,51
3,5.291,52
3,5.291,53
3,5.265,54
3,5.265,55
3,5.249,56
3,5.286,57
3,5.293,58
3,5.318,59
3,5.294,60
3,5.289,61
3,5.288,62
3,5.287,63
3,5.329,64
3,5.3,65
3,5.313,66
3,5.327,67
3,5.373,68
3,5.345,69
3,5.298,70
3,5.294,71
3,5.261,72
3,5.257,73
3,5.279,74
3,5.264,75
3,5.246,76
3,5.238,77
3,5.221,78
3,5.218,79
3,5.209,80
3,5.173,81
3,5.176,82
3,5.149,83
3,5.136,84
3,5.187,85
3,5.203,86
3,5.177,87
3,5.149,88
3,5.12,89
3,5.132,90
3,5.044,91
3,5.049,92
3,5.058,93
3,5.06,94
3,5.064,95
3,5.063,96
3,5.055,97
3,5.017,98
3,5.018,99
3,5.002,100
3,4.983,101
3,5.017,102
3,5.007,103
3,4.996,104
3,4.962,105
3,4.967,106
3,4.975,107
3,4.953,108
3,4.936,109
3,4.929,110
3,4.947,111
3,4.921,112
3,4.872,113
3,4.866,114
3,4.869,115
3,4.887,116
3,4.832,117
3,4.852,118
3,4.851,119
3,4.905,120
3,4.876,121
3,4.841,122
3,4.824,123
3,4.782,124
3,4.776,125
3,4.789,126
3,4.77,127
3,4.767,128
3,4.767,129
3,4.755,130
3,4.697,131
3,4.685,132
3,4.731,133
3,4.704,134
3,4.711,135
3,4.685,136
3,4.68,137
3,4.667,138
3,4.652,139
3,4.628,140
3,4.624,141
3,4.644,142
3,4.643,143
3,4.585,144
3,4.596,145
3,4.599,146
3,4.594,147
3,4.587,148
3,4.563,149
3,4.518,150
3,4.52,151
3,4.487,152
3,4.5,153
3,4.504,154
3,4.507,155
3,4.504,156
3,4.488,157
3,4.498,158
3,4.494,159
3,4.474,160
3,4.462,161
3,4.444,162
3,4.43,163
3,4.412,164
3,4.446,165
3,4.421,166
3,4.417,167
3,4.394,168
3,4.42,169
3,4.394,170
3,4.358,171
3,4.355,172
3,4.371,173
3,4.348,174
3,4.36,175
3,4.341,176
3,4.366,177
3,4.33,178
3,4.301,179
3,4.298,180
3,4.322,181
3,4.314,182
3,4.314,183
3,4.311,184
3,4.306,185
3,4.291,186
3,4.274,187
3,4.296,188
3,4.275,189
3,4.302,190
3,4.277,191
3,4.286,192
3,4.279,193
3,4.294,194
3,4.247,195
3,4.267,196
3,4.289,197
3,4.29,198
3,4.259,199
3,4.259,200
3,4.251,201
3,4.256,202
3,4.247,203
3,4.273,204
3,4.257,205
3,4.25,206
3,4.242,207
3,4.197,208
3,4.177,209
3,4.177,210
3,4.168,211
3,4.154,212
3,4.174,213
3,4.173,214
3,4.144,215
3,4.138,216
3,4.16,217
3,4.146,218
3,4.132,219
3,4.141,220
3,4.108,221
3,4.112,222
3,4.124,223
3,4.148,224
3,4.133,225
3,4.132,226
3,4.101,227
3,4.106,228
3,4.113,229
3,4.09,230
3,4.093,231
3,4.095,232
3,4.087,233
3,4.064,234
3,4.086,235
3,4.056,236
3,4.05,237
3,4.01,238
3,3.994,239
3,4.007,240
3,3.99,241
3,4.013,242
3,4.01,243
3,4.011,244
3,4.001,245
3,3.991,246
3,3.971,247
3,3.939,248
3,3.984,249
3,3.953,250
3,3.931,251
3,3.95,252
3,3.939,253
3,3.919,254
3,3.909,255
3,3.942,256
3,3.945,257
3,3.947,258
3,3.982,259
3,3.97,260
3,3.975,261
3,3.957,262
3,3.91,263
3,3.909,264
3,3.873,265
3,3.899,266
3,3.891,267
3,3.878,268
3,3.84,269
3,3.857,270
3,3.863,271
3,3.856,272
3,3.85,273
3,3.856,274
3,3.806,275
3,3.795,276
3,3.789,277
3,3.8,278
3,3.769,279
3,3.794,280
3,3.764,281
3,3.786,282
3,3.758,283
3,3.773,284
3,3.78,285
3,3.761,286
3,3.74,287
3,3.766,288
3,3.751,289
3,3.743,290
3,3.715,291
3,3.705,292
3,3.695,293
3,3.685,294
3,3.677,295
3,3.685,296
3,3.659,297
3,3.644,298
3,3.644,299
3,3.662,300
3,3.684,301
3,3.679,302
3,3.683,303
3,3.668,304
3,3.639,305
3,3.654,306
3,3.631,307
3,3.646,308
3,3.624,309
3,3.631,310
3,3.658,311
3,3.675,312
3,3.643,313
3,3.619,314
3,3.638,315
3,3.615,316
3,3.607,317
3,3.603,318
3,3.597,319
3,3.57,320
3,3.553,321
3,3.594,322
3,3.574,323
3,3.577,324
3,3.56,325
3,3.541,326
3,3.555,327
3,3.523,328
3,3.541,329
3,3.5,330
3,3.542,331
3,3.537,332
3,3.535,333
3,3.526,334
3,3.512,335
3,3.527,336
3,3.498,337
3,3.501,338
3,3.468,339
3,3.479,340
3,3.482,341
3,3.487,342
3,3.484,343
3,3.471,344
3,3.47,345
3,3.478,346
3,3.459,347
3,3.462,348
3,3.456,349
3,3.46,350
3,3.451,351
3,3.412,352
3,3.391,353
3,3.421,354
3,3.431,355
3,3.433,356
3,3.422,357
3,3.426,358
3,3.385,359
3,3.402,360
3,3.421,361
3,3.415,362
3,3.43,363
3,3.406,364
3,3.392,365
3,3.395,366
3,3.389,367
3,3.377,368
3,3.369,369
3,3.365,370
3,3.372,371
3,3.379,372
3,3.378,373
3,3.356,374
3,3.341,375
3,3.34,376
3,3.338,377
3,3.343,378
3,3.338,379
3,3.364,380
3,3.359,381
3,3.349,382
3,3.32,383
3,3.334,384
3,3.338,385
3,3.33,386
3,3.319,387
3,3.316,388
3,3.312,389
3,3.282,390
3,3.324,391
3,3.32,392
3,3.33,393
3,3.33,394
3,3.308,395
3,3.324,396
3,3.31,397
3,3.287,398
3,3.277,399
3,3.298,400
3,3.261,401
3,3.258,402
3,3.263,403
3,3.298,404
3,3.297,405
3,3.29,406
3,3.259,407
3,3.277,408
3,3.269,409
3,3.251,410
3,3.259,411
3,3.248,412
3,3.272,413
3,3.252,414
3,3.246,415
3,3.238,416
3,3.239,417
3,3.233,418
3,3.253,419
3,3.252,420
3,3.238,421
3,3.238,422
3,3.201,423
3,3.199,424
3,3.212,425
3,3.214,426
3,3.225,427
3,3.18,428
3,3.184,429
3,3.164,430
3,3.178,431
3,3.153,432
3,3.143,433
3,3.138,434
3,3.16,435
3,3.164,436
3,3.183,437
3,3.178,438
3,3.136,439
3,3.163,440
3,3.171,441
3,3.167,442
3,3.134,443
3,3.132,444
3,3.149,445
3,3.126,446
3,3.162,447
3,3.153,448
3,3.12,449
3,3.12,450
3,3.126,451
3,3.124,452
3,3.113,453
3,3.109,454
3,3.109,455
3,3.132,456
3,3.126,457
3,3.133,458
3,3.103,459
3,3.083,460
3,3.089,461
3,3.079,462
3,3.083,463
3,3.082,464
3,3.069,465
3,3.068,466
3,3.07,467
3,3.073,468
3,3.081,469
3,3.084,470
3,3.083,471
3,3.092,472
3,3.08,473
3,3.08,474
3,3.084,475
3,3.077,476
3,3.077,477
3,3.078,478
3,3.071,479
3,3.075,480
3,3.078,481
3,3.079,482
3,3.086,483
3,3.058,484
3,3.057,485
3,3.051,486
3,3.031,487
3,3.044,488
3,3.048,489
3,3.037,490
3,3.016,491
3,2.994,492
3,3.008,493
3,2.99,494
3,2.997,495
3,2.985,496
3,3.004,497
3,3.009,498
3,3.024,499
3,2.996,500
4,5,1
4,6,2
4,7,3
4,8,4
4,9,5
4,10,6
4,10,7
4,10,8
4,10,9
4,10,10
4,10,11
4,10,12
4,10,13
4,10,14
4,10,15
4,10,16
4,10,17
4,10,18
4,10,19
4,10,20
4,10,21
4,10,22
4,10,23
4,10,24
4,10,25
4,10,26
4,10,27
4,10,28
4,10,29
4,10,30
4,10,31
4,10,32
4,10,33
4,10,34
4,10,35
4,10,36
4,10,37
4,10,38
4,10,39
4,10,40
4,10,41
4,10,42
4,10,43
4,10,44
4,10,45
4,10,46
4,10,47
4,10,48
4,10,49
4,10,50
4,10,51
4,10,52
4,10,53
4,10,54
4,10,55
4,10,56
4,10,57
4,10,58
4,10,59
4,10,60
4,10,61
4,10,62
4,10,63
4,10,64
4,10,65
4,10,66
4,10,67
4,10,68
4,10,69
4,10,70
4,10,71
4,10,72
4,10,73
4,10,74
4,10,75
4,10,76
4,10,77
4,10,78
4,10,79
4,10,80
4,10,81
4,10,82
4,10,83
4,10,84
4,10,85
4,10,86
4,10,87
4,10,88
4,10,89
4,10,90
4,10,91
4,10,92
4,10,93
4,10,94
4,10,95
4,10,96
4,10,97
4,10,98
4,10,99
4,10,100
4,10,101
4,10,102
4,10,103
4,10,104
4,10,105
4,10,106
4,10,107
4,10,108
4,10,109
4,10,110
4,10,111
4,10,112
4,10,113
4,10,114
4,10,115
4,10,116
4,10,117
4,10,118
4,10,119
4,10,120
4,10,121
4,10,122
4,10,123
4,10,124
4,10,125
4,10,126
4,10,127
4,10,128
4,10,129
4,10,130
4,10,131
4,10,132
4,10,133
4,10,134
4,10,135
4,10,136
4,10,137
4,10,138
4,10,139
4,10,140
4,10,141
4,10,142
4,10,143
4,10,144
4,10,145
4,10,146
4,10,147
4,10,148
4,10,149
4,10,150
4,10,151
4,10,152
4,10,153
4,10,154
4,10,155
4,10,156
4,10,157
4,10,158
4,10,159
4,10,160
4,10,161
4,10,162
4,10,163
4,10,164
4,10,165
4,10,166
4,10,167
4,10,168
4,10,169
4,10,170
4,10,171
4,10,172
4,10,173
4,10,174
4,10,175
4,10,176
4,10,177
4,10,178
4,10,179
4,10,180
4,10,181
4,10,182
4,10,183
4,10,184
4,10,185
4,10,186
4,10,187
4,10,188
4,10,189
4,10,190
4,10,191
4,10,192
4,10,193
4,10,194
4,10,195
4,10,196
4,10,197
4,10,198
4,10,199
4,10,200
4,10,201
4,10,202
4,10,203
4,10,204
4,10,205
4,10,206
4,10,207
4,10,208
4,10,209
4,10,210
4,10,211
4,10,212
4,10,213
4,10,214
4,10,215
4,10,216
4,10,217
4,10,218
4,10,219
4,10,220
4,10,221
4,10,222
4,10,223
4,10,224
4,10,225
4,10,226
4,10,227
4,10,228
4,10,229
4,10,230
4,10,231
4,10,232
4,10,233
4,10,234
4,10,235
4,10,236
4,10,237
4,10,238
4,10,239
4,10,240
4,10,241
4,10,242
4,10,243
4,10,244
4,10,245
4,10,246
4,10,247
4,10,248
4,10,249
4,10,250
4,10,251
4,10,252
4,10,253
4,10,254
4,10,255
4,10,256
4,10,257
4,10,258
4,10,259
4,10,260
4,10,261
4,10,262
4,10,263
4,10,264
4,10,265
4,10,266
4,10,267
4,10,268
4,10,269
4,10,270
4,10,271
4,10,272
4,10,273
4,10,274
4,10,275
4,10,276
4,10,277
4,10,278
4,10,279
4,10,280
4,10,281
4,10,282
4,10,283
4,10,284
4,10,285
4,10,286
4,10,287
4,10,288
4,10,289
4,10,290
4,10,291
4,10,292
4,10,293
4,10,294
4,10,295
4,10,296
4,10,297
4,10,298
4,10,299
4,10,300
4,10,301
4,10,302
4,10,303
4,10,304
4,10,305
4,10,306
4,10,307
4,10,308
4,10,309
4,10,310
4,10,311
4,10,312
4,10,313
4,10,314
4,10,315
4,10,316
4,10,317
4,10,318
4,10,319
4,10,320
4,10,321
4,10,322
4,10,323
4,10,324
4,10,325
4,10,326
4,10,327
4,10,328
4,10,329
4,10,330
4,10,331
4,10,332
4,10,333
4,10,334
4,10,335
4,10,336
4,10,337
4,10,338
4,10,339
4,10,340
4,10,341
4,10,342
4,10,343
4,10,344
4,10,345
4,10,346
4,10,347
4,10,348
4,10,349
4,10,350
4,10,351
4,10,352
4,10,353
4,10,354
4,10,355
4,10,356
4,10,357
4,10,358
4,10,359
4,10,360
4,10,361
4,10,362
4,10,363
4,10,364
4,10,365
4,10,366
4,10,367
4,10,368
4,10,369
4,10,370
4,10,371
4,10,372
4,10,373
4,10,374
4,10,375
4,10,376
4,10,377
4,10,378
4,10,379
4,10,380
4,10,381
4,10,382
4,10,383
4,10,384
4,10,385
4,10,386
4,10,387
4,10,388
4,10,389
4,10,390
4,10,391
4,10,392
4,10,393
4,10,394
4,10,395
4,10,396
4,10,397
4,10,398
4,10,399
4,10,400
4,10,401
4,10,402
4,10,403
4,10,404
4,10,405
4,10,406
4,10,407
4,10,408
4,10,409
4,10,410
4,10,411
4,10,412
4,10,413
4,10,414
4,10,415
4,10,416
4,10,417
4,10,418
4,10,419
4,10,420
4,10,421
4,10,422
4,10,423
4,10,424
4,10,425
4,10,426
4,10,427
4,10,428
4,10,429
4,10,430
4,10,431
4,10,432
4,10,433
4,10,434
4,10,435
4,10,436
4,10,437
4,10,438
4,10,439
4,10,440
4,10,441
4,10,442
4,10,443
4,10,444
4,10,445
4,10,446
4,10,447
4,10,448
4,10,449
4,10,450
4,10,451
4,10,452
4,10,453
4,10,454
4,10,455
4,10,456
4,10,457
4,10,458
4,10,459
4,10,460
4,10,461
4,10,462
4,10,463
4,10,464
4,10,465
4,10,466
4,10,467
4,10,468
4,10,469
4,10,470
4,10,471
4,10,472
4,10,473
4,10,474
4,10,475
4,10,476
4,10,477
4,10,478
4,10,479
4,10,480
4,10,481
4,10,482
4,10,483
4,10,484
4,10,485
4,10,486
4,10,487
4,10,488
4,10,489
4,10,490
4,10,491
4,10,492
4,10,493
4,10,494
4,10,495
4,10,496
4,10,497
4,10,498
4,10,499
4,10,500
5,5,1
5,5.476,2
5,6.044,3
5,6.66,4
5,7.36,5
5,8.064,6
5,8.462,7
5,8.78,8
5,8.988,9
5,9.159,10
5,9.287,11
5,9.401,12
5,9.481,13
5,9.554,14
5,9.622,15
5,9.687,16
5,9.73,17
5,9.763,18
5,9.794,19
5,9.821,20
5,9.837,21
5,9.855,22
5,9.869,23
5,9.882,24
5,9.897,25
5,9.909,26
5,9.918,27
5,9.93,28
5,9.938,29
5,9.942,30
5,9.946,31
5,9.949,32
5,9.957,33
5,9.962,34
5,9.967,35
5,9.973,36
5,9.976,37
5,9.977,38
5,9.978,39
5,9.979,40
5,9.98,41
5,9.981,42
5,9.982,43
5,9.983,44
5,9.985,45
5,9.985,46
5,9.986,47
5,9.988,48
5,9.989,49
5,10,50
5,10,51
5,10,52
5,10,53
5,10,54
5,10,55
5,10,56
5,10,57
5,10,58
5,10,59
5,10,60
5,10,61
5,10,62
5,10,63
5,10,64
5,10,65
5,10,66
5,10,67
5,10,68
5,10,69
5,10,70
5,10,71
5,10,72
5,10,73
5,10,74
5,10,75
5,10,76
5,10,77
5,10,78
5,10,79
5,10,80
5,10,81
5,10,82
5,10,83
5,10,84
5,10,85
5,10,86
5,10,87
5,10,88
5,10,89
5,10,90
5,10,91
5,10,92
5,10,93
5,10,94
5,10,95
5,10,96
5,10,97
5,10,98
5,10,99
5,10,100
5,10,101
5,10,102
5,10,103
5,10,104
5,10,105
5,10,106
5,10,107
5,10,108
5,10,109
5,10,110
5,10,111
5,10,112
5,10,113
5,10,114
5,10,115
5,10,116
5,10,117
5,10,118
5,10,119
5,10,120
5,10,121
5,10,122
5,10,123
5,10,124
5,10,125
5,10,126
5,10,127
5,10,128
5,10,129
5,10,130
5,10,131
5,10,132
5,10,133
5,10,134
5,10,135
5,10,136
5,10,137
5,10,138
5,10,139
5,10,140
5,10,141
5,10,142
5,10,143
5,10,144
5,10,145
5,10,146
5,10,147
5,10,148
5,10,149
5,10,150
5,10,151
5,10,152
5,10,153
5,10,154
5,10,155
5,10,156
5,10,157
5,10,158
5,10,159
5,10,160
5,10,161
5,10,162
5,10,163
5,10,164
5,10,165
5,10,166
5,10,167
5,10,168
5,10,169
5,10,170
5,10,171
5,10,172
5,10,173
5,10,174
5,10,175
5,10,176
5,10,177
5,10,178
5,10,179
5,10,180
5,10,181
5,10,182
5,10,183
5,10,184
5,10,185
5,10,186
5,10,187
5,10,188
5,10,189
5,10,190
5,10,191
5,10,192
5,10,193
5,10,194
5,10,195
5,10,196
5,10,197
5,10,198
5,10,199
5,10,200
5,10,201
5,10,202
5,10,203
5,10,204
5,10,205
5,10,206
5,10,207
5,10,208
5,10,209
5,10,210
5,10,211
5,10,212
5,10,213
5,10,214
5,10,215
5,10,216
5,10,217
5,10,218
5,10,219
5,10,220
5,10,221
5,10,222
5,10,223
5,10,224
5,10,225
5,10,226
5,10,227
5,10,228
5,10,229
5,10,230
5,10,231
5,10,232
5,10,233
5,10,234
5,10,235
5,10,236
5,10,237
5,10,238
5,10,239
5,10,240
5,10,241
5,10,242
5,10,243
5,10,244
5,10,245
5,10,246
5,10,247
5,10,248
5,10,249
5,10,250
5,10,251
5,10,252
5,10,253
5,10,254
5,10,255
5,10,256
5,10,257
5,10,258
5,10,259
5,10,260
5,10,261
5,10,262
5,10,263
5,10,264
5,10,265
5,10,266
5,10,267
5,10,268
5,10,269
5,10,270
5,10,271
5,10,272
5,10,273
5,10,274
5,10,275
5,10,276
5,10,277
5,10,278
5,10,279
5,10,280
5,10,281
5,10,282
5,10,283
5,10,284
5,10,285
5,10,286
5,10,287
5,10,288
5,10,289
5,10,290
5,10,291
5,10,292
5,10,293
5,10,294
5,10,295
5,10,296
5,10,297
5,10,298
5,10,299
5,10,300
5,10,301
5,10,302
5,10,303
5,10,304
5,10,305
5,10,306
5,10,307
5,10,308
5,10,309
5,10,310
5,10,311
5,10,312
5,10,313
5,10,314
5,10,315
5,10,316
5,10,317
5,10,318
5,10,319
5,10,320
5,10,321
5,10,322
5,10,323
5,10,324
5,10,325
5,10,326
5,10,327
5,10,328
5,10,329
5,10,330
5,10,331
5,10,332
5,10,333
5,10,334
5,10,335
5,10,336
5,10,337
5,10,338
5,10,339
5,10,340
5,10,341
5,10,342
5,10,343
5,10,344
5,10,345
5,10,346
5,10,347
5,10,348
5,10,349
5,10,350
5,10,351
5,10,352
5,10,353
5,10,354
5,10,355
5,10,356
5,10,357
5,10,358
5,10,359
5,10,360
5,10,361
5,10,362
5,10,363
5,10,364
5,10,365
5,10,366
5,10,367
5,10,368
5,10,369
5,10,370
5,10,371
5,10,372
5,10,373
5,10,374
5,10,375
5,10,376
5,10,377
5,10,378
5,10,379
5,10,380
5,10,381
5,10,382
5,10,383
5,10,384
5,10,385
5,10,386
5,10,387
5,10,388
5,10,389
5,10,390
5,10,391
5,10,392
5,10,393
5,10,394
5,10,395
5,10,396
5,10,397
5,10,398
5,10,399
5,10,400
5,10,401
5,10,402
5,10,403
5,10,404
5,10,405
5,10,406
5,10,407
5,10,408
5,10,409
5,10,410
5,10,411
5,10,412
5,10,413
5,10,414
5,10,415
5,10,416
5,10,417
5,10,418
5,10,419
5,10,420
5,10,421
5,10,422
5,10,423
5,10,424
5,10,425
5,10,426
5,10,427
5,10,428
5,10,429
5,10,430
5,10,431
5,10,432
5,10,433
5,10,434
5,10,435
5,10,436
5,10,437
5,10,438
5,10,439
5,10,440
5,10,441
5,10,442
5,10,443
5,10,444
5,10,445
5,10,446
5,10,447
5,10,448
5,10,449
5,10,450
5,10,451
5,10,452
5,10,453
5,10,454
5,10,455
5,10,456
5,10,457
5,10,458
5,10,459
5,10,460
5,10,461
5,10,462
5,10,463
5,10,464
5,10,465
5,10,466
5,10,467
5,10,468
5,10,469
5,10,470
5,10,471
5,10,472
5,10,473
5,10,474
5,10,475
5,10,476
5,10,477
5,10,478
5,10,479
5,10,480
5,10,481
5,10,482
5,10,483
5,10,484
5,10,485
5,10,486
5,10,487
5,10,488
5,10,489
5,10,490
5,10,491
5,10,492
5,10,493
5,10,494
5,10,495
5,10,496
5,10,497
5,10,498
5,10,499
5,10,500
6,5,1
6,6,2
6,7,3
6,8,4
6,9,5
6,10,6
6,10,7
6,10,8
6,10,9
6,10,10
6,10,11
6,10,12
6,10,13
6,10,14
6,10,15
6,10,16
6,10,17
6,10,18
6,10,19
6,10,20
6,10,21
6,10,22
6,10,23
6,10,24
6,10,25
6,10,26
6,10,27
6,10,28
6,10,29
6,10,30
6,10,31
6,10,32
6,10,33
6,10,34
6,10,35
6,10,36
6,10,37
6,10,38
6,10,39
6,10,40
6,10,41
6,10,42
6,10,43
6,10,44
6,10,45
6,10,46
6,10,47
6,10,48
6,10,49
6,10,50
6,10,51
6,10,52
6,10,53
6,10,54
6,10,55
6,10,56
6,10,57
6,10,58
6,10,59
6,10,60
6,10,61
6,10,62
6,10,63
6,10,64
6,10,65
6,10,66
6,10,67
6,10,68
6,10,69
6,10,70
6,10,71
6,10,72
6,10,73
6,10,74
6,10,75
6,10,76
6,10,77
6,10,78
6,10,79
6,10,80
6,10,81
6,10,82
6,10,83
6,10,84
6,10,85
6,10,86
6,10,87
6,10,88
6,10,89
6,10,90
6,10,91
6,10,92
6,10,93
6,10,94
6,10,95
6,10,96
6,10,97
6,10,98
6,10,99
6,10,100
6,10,101
6,10,102
6,10,103
6,10,104
6,10,105
6,10,106
6,10,107
6,10,108
6,10,109
6,10,110
6,10,111
6,10,112
6,10,113
6,10,114
6,10,115
6,10,116
6,10,117
6,10,118
6,10,119
6,10,120
6,10,121
6,10,122
6,10,123
6,10,124
6,10,125
6,10,126
6,10,127
6,10,128
6,10,129
6,10,130
6,10,131
6,10,132
6,10,133
6,10,134
6,10,135
6,10,136
6,10,137
6,10,138
6,10,139
6,10,140
6,10,141
6,10,142
6,10,143
6,10,144
6,10,145
6,10,146
6,10,147
6,10,148
6,10,149
6,10,150
6,10,151
6,10,152
6,10,153
6,10,154
6,10,155
6,10,156
6,10,157
6,10,158
6,10,159
6,10,160
6,10,161
6,10,162
6,10,163
6,10,164
6,10,165
6,10,166
6,10,167
6,10,168
6,10,169
6,10,170
6,10,171
6,10,172
6,10,173
6,10,174
6,10,175
6,10,176
6,10,177
6,10,178
6,10,179
6,10,180
6,10,181
6,10,182
6,10,183
6,10,184
6,10,185
6,10,186
6,10,187
6,10,188
6,10,189
6,10,190
6,10,191
6,10,192
6,10,193
6,10,194
6,10,195
6,10,196
6,10,197
6,10,198
6,10,199
6,10,200
6,10,201
6,10,202
6,10,203
6,10,204
6,10,205
6,10,206
6,10,207
6,10,208
6,10,209
6,10,210
6,10,211
6,10,212
6,10,213
6,10,214
6,10,215
6,10,216
6,10,217
6,10,218
6,10,219
6,10,220
6,10,221
6,10,222
6,10,223
6,10,224
6,10,225
6,10,226
6,10,227
6,10,228
6,10,229
6,10,230
6,10,231
6,10,232
6,10,233
6,10,234
6,10,235
6,10,236
6,10,237
6,10,238
6,10,239
6,10,240
6,10,241
6,10,242
6,10,243
6,10,244
6,10,245
6,10,246
6,10,247
6,10,248
6,10,249
6,10,250
6,10,251
6,10,252
6,10,253
6,10,254
6,10,255
6,10,256
6,10,257
6,10,258
6,10,259
6,10,260
6,10,261
6,10,262
6,10,263
6,10,264
6,10,265
6,10,266
6,10,267
6,10,268
6,10,269
6,10,270
6,10,271
6,10,272
6,10,273
6,10,274
6,10,275
6,10,276
6,10,277
6,10,278
6,10,279
6,10,280
6,10,281
6,10,282
6,10,283
6,10,284
6,10,285
6,10,286
6,10,287
6,10,288
6,10,289
6,10,290
6,10,291
6,10,292
6,10,293
6,10,294
6,10,295
6,10,296
6,10,297
6,10,298
6,10,299
6,10,300
6,10,301
6,10,302
6,10,303
6,10,304
6,10,305
6,10,306
6,10,307
6,10,308
6,10,309
6,10,310
6,10,311
6,10,312
6,10,313
6,10,314
6,10,315
6,10,316
6,10,317
6,10,318
6,10,319
6,10,320
6,10,321
6,10,322
6,10,323
6,10,324
6,10,325
6,10,326
6,10,327
6,10,328
6,10,329
6,10,330
6,10,331
6,10,332
6,10,333
6,10,334
6,10,335
6,10,336
6,10,337
6,10,338
6,10,339
6,10,340
6,10,341
6,10,342
6,10,343
6,10,344
6,10,345
6,10,346
6,10,347
6,10,348
6,10,349
6,10,350
6,10,351
6,10,352
6,10,353
6,10,354
6,10,355
6,10,356
6,10,357
6,10,358
6,10,359
6,10,360
6,10,361
6,10,362
6,10,363
6,10,364
6,10,365
6,10,366
6,10,367
6,10,368
6,10,369
6,10,370
6,10,371
6,10,372
6,10,373
6,10,374
6,10,375
6,10,376
6,10,377
6,10,378
6,10,379
6,10,380
6,10,381
6,10,382
6,10,383
6,10,384
6,10,385
6,10,386
6,10,387
6,10,388
6,10,389
6,10,390
6,10,391
6,10,392
6,10,393
6,10,394
6,10,395
6,10,396
6,10,397
6,10,398
6,10,399
6,10,400
6,10,401
6,10,402
6,10,403
6,10,404
6,10,405
6,10,406
6,10,407
6,10,408
6,10,409
6,10,410
6,10,411
6,10,412
6,10,413
6,10,414
6,10,415
6,10,416
6,10,417
6,10,418
6,10,419
6,10,420
6,10,421
6,10,422
6,10,423
6,10,424
6,10,425
6,10,426
6,10,427
6,10,428
6,10,429
6,10,430
6,10,431
6,10,432
6,10,433
6,10,434
6,10,435
6,10,436
6,10,437
6,10,438
6,10,439
6,10,440
6,10,441
6,10,442
6,10,443
6,10,444
6,10,445
6,10,446
6,10,447
6,10,448
6,10,449
6,10,450
6,10,451
6,10,452
6,10,453
6,10,454
6,10,455
6,10,456
6,10,457
6,10,458
6,10,459
6,10,460
6,10,461
6,10,462
6,10,463
6,10,464
6,10,465
6,10,466
6,10,467
6,10,468
6,10,469
6,10,470
6,10,471
6,10,472
6,10,473
6,10,474
6,10,475
6,10,476
6,10,477
6,10,478
6,10,479
6,10,480
6,10,481
6,10,482
6,10,483
6,10,484
6,10,485
6,10,486
6,10,487
6,10,488
6,10,489
6,10,490
6,10,491
6,10,492
6,10,493
6,10,494
6,10,495
6,10,496
6,10,497
6,10,498
6,10,499
6,10,500
7,5,1
7,6,2
7,7,3
7,8,4
7,9,5
7,10,6
7,10,7
7,10,8
7,10,9
7,10,10
7,10,11
7,10,12
7,10,13
7,10,14
7,10,15
7,10,16
7,10,17
7,10,18
7,10,19
7,10,20
7,10,21
7,10,22
7,10,23
7,10,24
7,10,25
7,10,26
7,10,27
7,10,28
7,10,29
7,10,30
7,10,31
7,10,32
7,10,33
7,10,34
7,10,35
7,10,36
7,10,37
7,10,38
7,10,39
7,10,40
7,10,41
7,10,42
7,10,43
7,10,44
7,10,45
7,10,46
7,10,47
7,10,48
7,10,49
7,10,50
7,10,51
7,10,52
7,10,53
7,10,54
7,10,55
7,10,56
7,10,57
7,10,58
7,10,59
7,10,60
7,10,61
7,10,62
7,10,63
7,10,64
7,10,65
7,10,66
7,10,67
7,10,68
7,10,69
7,10,70
7,10,71
7,10,72
7,10,73
7,10,74
7,10,75
7,10,76
7,10,77
7,10,78
7,10,79
7,10,80
7,10,81
7,10,82
7,10,83
7,10,84
7,10,85
7,10,86
7,10,87
7,10,88
7,10,89
7,10,90
7,10,91
7,10,92
7,10,93
7,10,94
7,10,95
7,10,96
7,10,97
7,10,98
7,10,99
7,10,100
7,10,101
7,10,102
7,10,103
7,10,104
7,10,105
7,10,106
7,10,107
7,10,108
7,10,109
7,10,110
7,10,111
7,10,112
7,10,113
7,10,114
7,10,115
7,10,116
7,10,117
7,10,118
7,10,119
7,10,120
7,10,121
7,10,122
7,10,123
7,10,124
7,10,125
7,10,126
7,10,127
7,10,128
7,10,129
7,10,130
7,10,131
7,10,132
7,10,133
7,10,134
7,10,135
7,10,136
7,10,137
7,10,138
7,10,139
7,10,140
7,10,141
7,10,142
7,10,143
7,10,144
7,10,145
7,10,146
7,10,147
7,10,148
7,10,149
7,10,150
7,10,151
7,10,152
7,10,153
7,10,154
7,10,155
7,10,156
7,10,157
7,10,158
7,10,159
7,10,160
7,10,161
7,10,162
7,10,163
7,10,164
7,10,165
7,10,166
7,10,167
7,10,168
7,10,169
7,10,170
7,10,171
7,10,172
7,10,173
7,10,174
7,10,175
7,10,176
7,10,177
7,10,178
7,10,179
7,10,180
7,10,181
7,10,182
7,10,183
7,10,184
7,10,185
7,10,186
7,10,187
7,10,188
7,10,189
7,10,190
7,10,191
7,10,192
7,10,193
7,10,194
7,10,195
7,10,196
7,10,197
7,10,198
7,10,199
7,10,200
7,10,201
7,10,202
7,10,203
7,10,204
7,10,205
7,10,206
7,10,207
7,10,208
7,10,209
7,10,210
7,10,211
7,10,212
7,10,213
7,10,214
7,10,215
7,10,216
7,10,217
7,10,218
7,10,219
7,10,220
7,10,221
7,10,222
7,10,223
7,10,224
7,10,225
7,10,226
7,10,227
7,10,228
7,10,229
7,10,230
7,10,231
7,10,232
7,10,233
7,10,234
7,10,235
7,10,236
7,10,237
7,10,238
7,10,239
7,10,240
7,10,241
7,10,242
7,10,243
7,10,244
7,10,245
7,10,246
7,10,247
7,10,248
7,10,249
7,10,250
7,10,251
7,10,252
7,10,253
7,10,254
7,10,255
7,10,256
7,10,257
7,10,258
7,10,259
7,10,260
7,10,261
7,10,262
7,10,263
7,10,264
7,10,265
7,10,266
7,10,267
7,10,268
7,10,269
7,10,270
7,10,271
7,10,272
7,10,273
7,10,274
7,10,275
7,10,276
7,10,277
7,10,278
7,10,279
7,10,280
7,10,281
7,10,282
7,10,283
7,10,284
7,10,285
7,10,286
7,10,287
7,10,288
7,10,289
7,10,290
7,10,291
7,10,292
7,10,293
7,10,294
7,10,295
7,10,296
7,10,297
7,10,298
7,10,299
7,10,300
7,10,301
7,10,302
7,10,303
7,10,304
7,10,305
7,10,306
7,10,307
7,10,308
7,10,309
7,10,310
7,10,311
7,10,312
7,10,313
7,10,314
7,10,315
7,10,316
7,10,317
7,10,318
7,10,319
7,10,320
7,10,321
7,10,322
7,10,323
7,10,324
7,10,325
7,10,326
7,10,327
7,10,328
7,10,329
7,10,330
7,10,331
7,10,332
7,10,333
7,10,334
7,10,335
7,10,336
7,10,337
7,10,338
7,10,339
7,10,340
7,10,341
7,10,342
7,10,343
7,10,344
7,10,345
7,10,346
7,10,347
7,10,348
7,10,349
7,10,350
7,10,351
7,10,352
7,10,353
7,10,354
7,10,355
7,10,356
7,10,357
7,10,358
7,10,359
7,10,360
7,10,361
7,10,362
7,10,363
7,10,364
7,10,365
7,10,366
7,10,367
7,10,368
7,10,369
7,10,370
7,10,371
7,10,372
7,10,373
7,10,374
7,10,375
7,10,376
7,10,377
7,10,378
7,10,379
7,10,380
7,10,381
7,10,382
7,10,383
7,10,384
7,10,385
7,10,386
7,10,387
7,10,388
7,10,389
7,10,390
7,10,391
7,10,392
7,10,393
7,10,394
7,10,395
7,10,396
7,10,397
7,10,398
7,10,399
7,10,400
7,10,401
7,10,402
7,10,403
7,10,404
7,10,405
7,10,406
7,10,407
7,10,408
7,10,409
7,10,410
7,10,411
7,10,412
7,10,413
7,10,414
7,10,415
7,10,416
7,10,417
7,10,418
7,10,419
7,10,420
7,10,421
7,10,422
7,10,423
7,10,424
7,10,425
7,10,426
7,10,427
7,10,428
7,10,429
7,10,430
7,10,431
7,10,432
7,10,433
7,10,434
7,10,435
7,10,436
7,10,437
7,10,438
7,10,439
7,10,440
7,10,441
7,10,442
7,10,443
7,10,444
7,10,445
7,10,446
7,10,447
7,10,448
7,10,449
7,10,450
7,10,451
7,10,452
7,10,453
7,10,454
7,10,455
7,10,456
7,10,457
7,10,458
7,10,459
7,10,460
7,10,461
7,10,462
7,10,463
7,10,464
7,10,465
7,10,466
7,10,467
7,10,468
7,10,469
7,10,470
7,10,471
7,10,472
7,10,473
7,10,474
7,10,475
7,10,476
7,10,477
7,10,478
7,10,479
7,10,480
7,10,481
7,10,482
7,10,483
7,10,484
7,10,485
7,10,486
7,10,487
7,10,488
7,10,489
7,10,490
7,10,491
7,10,492
7,10,493
7,10,494
7,10,495
7,10,496
7,10,497
7,10,498
7,10,499
7,10,500
8,5,1
8,5.497,2
8,6.097,3
8,6.736,4
8,7.438,5
8,8.106,6
8,8.569,7
8,8.917,8
8,9.138,9
8,9.294,10
8,9.405,11
8,9.492,12
8,9.562,13
8,9.632,14
8,9.688,15
8,9.733,16
8,9.769,17
8,9.802,18
8,9.828,19
8,9.851,20
8,9.866,21
8,9.88,22
8,9.891,23
8,9.9,24
8,9.908,25
8,9.914,26
8,9.922,27
8,9.931,28
8,9.934,29
8,9.937,30
8,9.943,31
8,9.951,32
8,9.956,33
8,9.961,34
8,9.965,35
8,9.969,36
8,9.973,37
8,9.974,38
8,9.976,39
8,9.98,40
8,9.983,41
8,9.984,42
8,9.986,43
8,9.987,44
8,9.989,45
8,9.99,46
8,9.991,47
8,9.991,48
8,9.991,49
8,9.991,50
8,9.991,51
8,9.991,52
8,9.991,53
8,9.991,54
8,9.991,55
8,9.991,56
8,9.991,57
8,9.991,58
8,9.991,59
8,9.991,60
8,9.991,61
8,9.992,62
8,9.993,63
8,9.993,64
8,9.993,65
8,9.994,66
8,9.995,67
8,9.996,68
8,9.996,69
8,9.997,70
8,9.997,71
8,9.998,72
8,9.998,73
8,9.999,74
8,10,75
8,10,76
8,10,77
8,10,78
8,10,79
8,10,80
8,10,81
8,10,82
8,10,83
8,10,84
8,10,85
8,10,86
8,10,87
8,10,88
8,10,89
8,10,90
8,10,91
8,10,92
8,10,93
8,10,94
8,10,95
8,10,96
8,10,97
8,10,98
8,10,99
8,10,100
8,10,101
8,10,102
8,10,103
8,10,104
8,10,105
8,10,106
8,10,107
8,10,108
8,10,109
8,10,110
8,10,111
8,10,112
8,10,113
8,10,114
8,10,115
8,10,116
8,10,117
8,10,118
8,10,119
8,10,120
8,10,121
8,10,122
8,10,123
8,10,124
8,10,125
8,10,126
8,10,127
8,10,128
8,10,129
8,10,130
8,10,131
8,10,132
8,10,133
8,10,134
8,10,135
8,10,136
8,10,137
8,10,138
8,10,139
8,10,140
8,10,141
8,10,142
8,10,143
8,10,144
8,10,145
8,10,146
8,10,147
8,10,148
8,10,149
8,10,150
8,10,151
8,10,152
8,10,153
8,10,154
8,10,155
8,10,156
8,10,157
8,10,158
8,10,159
8,10,160
8,10,161
8,10,162
8,10,163
8,10,164
8,10,165
8,10,166
8,10,167
8,10,168
8,10,169
8,10,170
8,10,171
8,10,172
8,10,173
8,10,174
8,10,175
8,10,176
8,10,177
8,10,178
8,10,179
8,10,180
8,10,181
8,10,182
8,10,183
8,10,184
8,10,185
8,10,186
8,10,187
8,10,188
8,10,189
8,10,190
8,10,191
8,10,192
8,10,193
8,10,194
8,10,195
8,10,196
8,10,197
8,10,198
8,10,199
8,10,200
8,10,201
8,10,202
8,10,203
8,10,204
8,10,205
8,10,206
8,10,207
8,10,208
8,10,209
8,10,210
8,10,211
8,10,212
8,10,213
8,10,214
8,10,215
8,10,216
8,10,217
8,10,218
8,10,219
8,10,220
8,10,221
8,10,222
8,10,223
8,10,224
8,10,225
8,10,226
8,10,227
8,10,228
8,10,229
8,10,230
8,10,231
8,10,232
8,10,233
8,10,234
8,10,235
8,10,236
8,10,237
8,10,238
8,10,239
8,10,240
8,10,241
8,10,242
8,10,243
8,10,244
8,10,245
8,10,246
8,10,247
8,10,248
8,10,249
8,10,250
8,10,251
8,10,252
8,10,253
8,10,254
8,10,255
8,10,256
8,10,257
8,10,258
8,10,259
8,10,260
8,10,261
8,10,262
8,10,263
8,10,264
8,10,265
8,10,266
8,10,267
8,10,268
8,10,269
8,10,270
8,10,271
8,10,272
8,10,273
8,10,274
8,10,275
8,10,276
8,10,277
8,10,278
8,10,279
8,10,280
8,10,281
8,10,282
8,10,283
8,10,284
8,10,285
8,10,286
8,10,287
8,10,288
8,10,289
8,10,290
8,10,291
8,10,292
8,10,293
8,10,294
8,10,295
8,10,296
8,10,297
8,10,298
8,10,299
8,10,300
8,10,301
8,10,302
8,10,303
8,10,304
8,10,305
8,10,306
8,10,307
8,10,308
8,10,309
8,10,310
8,10,311
8,10,312
8,10,313
8,10,314
8,10,315
8,10,316
8,10,317
8,10,318
8,10,319
8,10,320
8,10,321
8,10,322
8,10,323
8,10,324
8,10,325
8,10,326
8,10,327
8,10,328
8,10,329
8,10,330
8,10,331
8,10,332
8,10,333
8,10,334
8,10,335
8,10,336
8,10,337
8,10,338
8,10,339
8,10,340
8,10,341
8,10,342
8,10,343
8,10,344
8,10,345
8,10,346
8,10,347
8,10,348
8,10,349
8,10,350
8,10,351
8,10,352
8,10,353
8,10,354
8,10,355
8,10,356
8,10,357
8,10,358
8,10,359
8,10,360
8,10,361
8,10,362
8,10,363
8,10,364
8,10,365
8,10,366
8,10,367
8,10,368
8,10,369
8,10,370
8,10,371
8,10,372
8,10,373
8,10,374
8,10,375
8,10,376
8,10,377
8,10,378
8,10,379
8,10,380
8,10,381
8,10,382
8,10,383
8,10,384
8,10,385
8,10,386
8,10,387
8,10,388
8,10,389
8,10,390
8,10,391
8,10,392
8,10,393
8,10,394
8,10,395
8,10,396
8,10,397
8,10,398
8,10,399
8,10,400
8,10,401
8,10,402
8,10,403
8,10,404
8,10,405
8,10,406
8,10,407
8,10,408
8,10,409
8,10,410
8,10,411
8,10,412
8,10,413
8,10,414
8,10,415
8,10,416
8,10,417
8,10,418
8,10,419
8,10,420
8,10,421
8,10,422
8,10,423
8,10,424
8,10,425
8,10,426
8,10,427
8,10,428
8,10,429
8,10,430
8,10,431
8,10,432
8,10,433
8,10,434
8,10,435
8,10,436
8,10,437
8,10,438
8,10,439
8,10,440
8,10,441
8,10,442
8,10,443
8,10,444
8,10,445
8,10,446
8,10,447
8,10,448
8,10,449
8,10,450
8,10,451
8,10,452
8,10,453
8,10,454
8,10,455
8,10,456
8,10,457
8,10,458
8,10,459
8,10,460
8,10,461
8,10,462
8,10,463
8,10,464
8,10,465
8,10,466
8,10,467
8,10,468
8,10,469
8,10,470
8,10,471
8,10,472
8,10,473
8,10,474
8,10,475
8,10,476
8,10,477
8,10,478
8,10,479
8,10,480
8,10,481
8,10,482
8,10,483
8,10,484
8,10,485
8,10,486
8,10,487
8,10,488
8,10,489
8,10,490
8,10,491
8,10,492
8,10,493
8,10,494
8,10,495
8,10,496
8,10,497
8,10,498
8,10,499
8,10,500
9,5,1
9,6,2
9,7,3
9,8,4
9,8.998,5
9,9.998,6
9,9.997,7
9,9.996,8
9,9.995,9
9,9.996,10
9,9.998,11
9,9.997,12
9,9.996,13
9,9.995,14
9,9.996,15
9,9.999,16
9,9.998,17
9,9.997,18
9,9.998,19
9,9.996,20
9,9.996,21
9,9.997,22
9,9.998,23
9,9.997,24
9,9.996,25
9,9.997,26
9,9.996,27
9,9.995,28
9,9.996,29
9,9.998,30
9,9.997,31
9,9.999,32
9,9.998,33
9,9.997,34
9,10,35
9,9.999,36
9,9.998,37
9,9.996,38
9,9.996,39
9,9.995,40
9,9.997,41
9,9.996,42
9,10,43
9,9.999,44
9,9.998,45
9,9.997,46
9,9.999,47
9,9.998,48
9,9.997,49
9,9.996,50
9,9.995,51
9,9.996,52
9,9.999,53
9,9.999,54
9,9.998,55
9,9.999,56
9,9.998,57
9,9.999,58
9,10,59
9,10,60
9,9.999,61
9,9.997,62
9,10,63
9,10,64
9,10,65
9,10,66
9,9.999,67
9,9.997,68
9,9.997,69
9,9.996,70
9,9.999,71
9,9.998,72
9,10,73
9,9.999,74
9,9.998,75
9,9.997,76
9,9.996,77
9,9.995,78
9,9.997,79
9,10,80
9,9.999,81
9,9.998,82
9,9.997,83
9,9.996,84
9,9.995,85
9,10,86
9,9.999,87
9,9.998,88
9,9.997,89
9,9.996,90
9,9.996,91
9,9.995,92
9,9.996,93
9,9.995,94
9,9.994,95
9,9.996,96
9,9.999,97
9,10,98
9,10,99
9,10,100
9,9.999,101
9,9.998,102
9,9.997,103
9,9.998,104
9,9.997,105
9,10,106
9,9.999,107
9,9.998,108
9,9.997,109
9,9.998,110
9,10,111
9,10,112
9,9.999,113
9,10,114
9,10,115
9,9.999,116
9,9.998,117
9,9.997,118
9,9.998,119
9,10,120
9,10,121
9,9.999,122
9,10,123
9,9.999,124
9,10,125
9,9.999,126
9,10,127
9,10,128
9,10,129
9,10,130
9,9.998,131
9,10,132
9,9.999,133
9,10,134
9,9.999,135
9,9.998,136
9,9.997,137
9,9.998,138
9,9.997,139
9,9.996,140
9,9.995,141
9,9.994,142
9,10,143
9,9.999,144
9,9.999,145
9,9.998,146
9,10,147
9,10,148
9,9.999,149
9,9.999,150
9,9.999,151
9,10,152
9,9.999,153
9,10,154
9,9.999,155
9,9.998,156
9,9.997,157
9,9.996,158
9,10,159
9,9.999,160
9,9.998,161
9,9.999,162
9,10,163
9,10,164
9,9.999,165
9,9.997,166
9,10,167
9,9.999,168
9,10,169
9,10,170
9,9.999,171
9,9.998,172
9,9.997,173
9,10,174
9,9.999,175
9,10,176
9,9.999,177
9,9.998,178
9,9.997,179
9,10,180
9,9.999,181
9,10,182
9,10,183
9,10,184
9,9.999,185
9,9.999,186
9,9.999,187
9,10,188
9,9.999,189
9,9.998,190
9,10,191
9,9.999,192
9,9.998,193
9,9.997,194
9,9.996,195
9,9.995,196
9,9.998,197
9,9.997,198
9,10,199
9,10,200
9,10,201
9,9.999,202
9,9.998,203
9,9.999,204
9,9.998,205
9,9.997,206
9,10,207
9,9.999,208
9,9.998,209
9,9.997,210
9,9.996,211
9,9.995,212
9,9.994,213
9,9.993,214
9,9.992,215
9,9.991,216
9,9.992,217
9,9.993,218
9,9.994,219
9,9.999,220
9,9.999,221
9,10,222
9,9.999,223
9,9.997,224
9,9.997,225
9,9.996,226
9,10,227
9,10,228
9,10,229
9,10,230
9,10,231
9,9.998,232
9,10,233
9,10,234
9,10,235
9,10,236
9,10,237
9,9.998,238
9,9.998,239
9,10,240
9,9.999,241
9,9.998,242
9,9.997,243
9,9.996,244
9,10,245
9,10,246
9,10,247
9,9.999,248
9,9.998,249
9,9.997,250
9,9.996,251
9,10,252
9,9.999,253
9,9.998,254
9,9.997,255
9,9.996,256
9,10,257
9,10,258
9,10,259
9,9.999,260
9,10,261
9,10,262
9,10,263
9,10,264
9,9.998,265
9,9.998,266
9,10,267
9,10,268
9,9.999,269
9,10,270
9,9.999,271
9,9.998,272
9,9.997,273
9,9.996,274
9,10,275
9,9.999,276
9,9.998,277
9,9.998,278
9,9.999,279
9,10,280
9,9.999,281
9,9.998,282
9,9.997,283
9,10,284
9,9.999,285
9,9.998,286
9,9.997,287
9,9.996,288
9,10,289
9,9.999,290
9,9.998,291
9,9.999,292
9,10,293
9,10,294
9,9.999,295
9,9.999,296
9,10,297
9,9.999,298
9,9.998,299
9,10,300
9,9.999,301
9,10,302
9,9.999,303
9,9.998,304
9,9.999,305
9,9.998,306
9,9.997,307
9,10,308
9,9.999,309
9,10,310
9,9.999,311
9,9.998,312
9,9.997,313
9,9.996,314
9,10,315
9,9.999,316
9,10,317
9,10,318
9,9.999,319
9,9.998,320
9,9.999,321
9,9.998,322
9,9.997,323
9,9.996,324
9,9.996,325
9,9.996,326
9,9.997,327
9,9.998,328
9,9.999,329
9,10,330
9,9.998,331
9,10,332
9,9.999,333
9,9.998,334
9,9.997,335
9,10,336
9,9.999,337
9,9.998,338
9,10,339
9,9.999,340
9,9.998,341
9,10,342
9,9.999,343
9,10,344
9,9.999,345
9,9.998,346
9,9.997,347
9,9.998,348
9,9.997,349
9,10,350
9,9.999,351
9,9.998,352
9,9.997,353
9,9.997,354
9,9.996,355
9,10,356
9,10,357
9,9.999,358
9,10,359
9,10,360
9,10,361
9,10,362
9,10,363
9,10,364
9,9.999,365
9,9.998,366
9,9.999,367
9,10,368
9,9.999,369
9,10,370
9,9.999,371
9,9.998,372
9,9.997,373
9,9.998,374
9,9.998,375
9,10,376
9,9.999,377
9,10,378
9,10,379
9,9.999,380
9,9.998,381
9,10,382
9,9.999,383
9,9.998,384
9,9.997,385
9,10,386
9,9.999,387
9,9.998,388
9,10,389
9,9.999,390
9,10,391
9,10,392
9,9.999,393
9,10,394
9,9.999,395
9,9.998,396
9,10,397
9,9.999,398
9,10,399
9,9.999,400
9,9.998,401
9,9.997,402
9,9.998,403
9,10,404
9,10,405
9,9.999,406
9,9.998,407
9,9.997,408
9,9.998,409
9,9.997,410
9,10,411
9,9.999,412
9,10,413
9,9.999,414
9,9.998,415
9,9.999,416
9,9.998,417
9,9.998,418
9,9.999,419
9,9.998,420
9,9.997,421
9,9.996,422
9,10,423
9,9.999,424
9,9.999,425
9,9.998,426
9,9.999,427
9,9.998,428
9,9.997,429
9,10,430
9,9.999,431
9,9.998,432
9,9.997,433
9,9.998,434
9,9.997,435
9,9.996,436
9,10,437
9,10,438
9,9.999,439
9,10,440
9,10,441
9,10,442
9,9.999,443
9,10,444
9,10,445
9,10,446
9,9.999,447
9,9.997,448
9,9.997,449
9,10,450
9,9.999,451
9,9.998,452
9,9.997,453
9,9.998,454
9,9.999,455
9,10,456
9,9.999,457
9,9.999,458
9,9.999,459
9,9.999,460
9,10,461
9,9.999,462
9,9.998,463
9,9.997,464
9,9.996,465
9,9.995,466
9,10,467
9,9.999,468
9,9.998,469
9,10,470
9,9.999,471
9,9.998,472
9,9.997,473
9,10,474
9,9.999,475
9,10,476
9,10,477
9,10,478
9,9.999,479
9,9.997,480
9,9.997,481
9,10,482
9,9.999,483
9,9.998,484
9,10,485
9,9.999,486
9,9.998,487
9,9.997,488
9,9.996,489
9,9.995,490
9,10,491
9,9.999,492
9,10,493
9,9.999,494
9,9.998,495
9,9.997,496
9,9.996,497
9,10,498
9,9.999,499
9,9.998,500
